,userid,business_id,categories,stars,Alcohol,park,GoodForKids,HasTV,OutdoorSeating,RestaurantsDelivery,attributes_RestaurantsPriceRange2,RestaurantsTakeOut
1539,0GUEuLJVeBVmYJxvkxIPwQ,FyAioPDhzS5IP4a4SXeG-Q,Japanese,5.0,1,1,0,1,1,0,3,0
1967,0V4Ra6jCmSAgFtCiORr4QA,ttuEwktrkmh3TUlSFPZqAA,Vietnamese,4.0,0,0,1,0,0,0,1,1
2790,1O638BDK_fWuxgTVJwff-A,DE89UdHFMCN6DtYWZuer5A,Japanese,4.0,1,1,1,0,0,0,2,0
2591,1O638BDK_fWuxgTVJwff-A,crstB-H5rOfbXhV8pX0e6g,Japanese,5.0,1,1,1,0,0,0,2,1
992,2OE7uUsx5VDshFzPFK6XUQ,SxjNgkzAlUG-wt2rSbc2HQ,Chinese,2.0,1,1,1,0,0,0,2,1
2945,2esyx8s04Vrde3Pn8GMNsQ,RtUvSWO_UZ8V3Wpj0n077w,Japanese,2.0,1,1,0,0,1,0,2,1
1264,2esyx8s04Vrde3Pn8GMNsQ,UVKi839mvCc9BrCmeJbitA,Japanese,4.0,2,1,1,0,0,0,2,1
368,2esyx8s04Vrde3Pn8GMNsQ,zgQHtqX0gqMw1nlBZl2VnQ,Chinese,2.0,1,1,0,0,0,0,2,1
2572,2esyx8s04Vrde3Pn8GMNsQ,ALkOqlWODyxPg5VSp0HLrg,Japanese,5.0,1,1,0,0,1,0,3,1
2492,2jCrH48LDG4c3ja4CLh0qg,O1TvPrgkK2bUo5O5aSZ7lw,Chinese,4.0,1,1,1,0,0,0,2,1
2685,3jjiY5D7oIlKeiCIZGHQew,aLcFhMe6DDJ430zelCpd2A,Thai,4.0,1,1,0,1,0,0,2,1
1010,4ix7NQyuXCmYT1sfblfbJw,J_btDyZbIv0hZNjrw56zlA,Chinese,3.0,1,1,1,0,0,0,2,1
540,58yXn5Y4409kc9q88YwU6w,g1UVmCOhQDY7TGSZ2rRT_w,Chinese,4.0,1,1,1,0,0,0,2,1
437,5jCYgtlrYT9m7SWTrnix_g,saijdv-vXJrvsCfvr7SZOw,Japanese,4.0,0,1,1,1,0,0,2,1
1567,73DZUFYAXuycbJ_eEAox1Q,stC-tc9QArhPXSzNkvTpgA,Thai,5.0,0,0,1,1,0,0,1,1
273,7C0IUTZ3uSbbYSji8sSNOw,OXW2erFOPT-Oov6wChxWYA,Chinese,5.0,1,1,1,0,0,0,2,1
173,7Pw2eIAvZLlO0BzCFCI-Mg,6xowh_GdOsRrz9QWN6nMxA,Japanese,4.0,0,1,1,0,0,0,2,1
2278,87L_amkNITmdmLhuCgUZmA,57_msr8gjNakjGO-1f6B_g,Vietnamese,4.0,0,1,1,0,0,0,1,1
301,ACUVZ4SiN0gni7dzVDm9EQ,gtcsOodbmk4E0TulYHnlHA,Chinese,5.0,1,1,0,0,1,0,2,0
2945,APoAugdz6nscL4HjF4Oryg,RtUvSWO_UZ8V3Wpj0n077w,Japanese,4.0,1,1,0,0,1,0,2,1
1162,APoAugdz6nscL4HjF4Oryg,KrwGJBrSE3kN721yx-MzfQ,Japanese,3.0,1,1,0,0,0,0,2,1
2685,APoAugdz6nscL4HjF4Oryg,aLcFhMe6DDJ430zelCpd2A,Thai,4.0,1,1,0,1,0,0,2,1
2261,APoAugdz6nscL4HjF4Oryg,IFXL6wMLBgBSGSiLBjtViA,Chinese,3.0,1,1,1,1,0,0,2,0
462,APoAugdz6nscL4HjF4Oryg,zA6gnF5aPBGoOm6uIbKt-A,Japanese,5.0,1,1,0,0,0,0,3,1
2492,BGzavA_ddMr-jGmhArv7fg,O1TvPrgkK2bUo5O5aSZ7lw,Chinese,5.0,1,1,1,0,0,0,2,1
1080,BGzavA_ddMr-jGmhArv7fg,WbQOuI7mVST8XrJotWq9fA,Chinese,2.0,0,1,1,0,0,0,1,1
2898,BGzavA_ddMr-jGmhArv7fg,DEjm5implb5hHqQEmaLuXg,Vietnamese,3.0,1,1,1,2,0,0,1,1
1501,BGzavA_ddMr-jGmhArv7fg,XOkqRJBS6HwTVlrCACAZFw,Thai,4.0,1,1,0,1,1,0,2,1
2936,BGzavA_ddMr-jGmhArv7fg,96DHi-xkBB3CtsQRTPUjxQ,Japanese,3.0,1,1,1,0,0,0,2,1
971,BGzavA_ddMr-jGmhArv7fg,CN5nuUQod0f8g3oh99qq0w,Japanese,5.0,1,1,0,0,0,0,2,1
2283,BGzavA_ddMr-jGmhArv7fg,68PJJkcq_i0SlLqO6t7Qxw,Chinese,2.0,1,1,1,0,0,0,2,1
1661,BGzavA_ddMr-jGmhArv7fg,SLH_6FIjptg5BEJbYNld6w,Chinese,3.0,1,1,1,0,0,0,2,1
1342,BGzavA_ddMr-jGmhArv7fg,SZmm3wOx_fcC2rblUVewGA,Chinese,5.0,2,1,1,0,0,0,1,1
1060,BGzavA_ddMr-jGmhArv7fg,WmuoWetYC-4U2-V4taC6Wg,Chinese,4.0,1,1,1,1,0,0,2,1
1901,BGzavA_ddMr-jGmhArv7fg,rROHsa0BQsKjxNnfYjBF9g,Chinese,3.0,1,1,1,0,0,0,2,1
857,BGzavA_ddMr-jGmhArv7fg,N97-DBkCFBy69maCMkUG1A,Chinese,2.0,1,1,0,1,0,0,1,1
1658,BGzavA_ddMr-jGmhArv7fg,CDl0tbkfSZS3UHg5_L9gBA,Japanese,3.0,1,1,1,1,0,0,2,1
911,BGzavA_ddMr-jGmhArv7fg,tO5Ssb7-hnas2fQQ5bt9IA,Thai,4.0,0,0,1,0,0,0,1,1
624,BGzavA_ddMr-jGmhArv7fg,emIpCWPxCdyuGtjVIK0LEg,Japanese,2.0,0,2,1,0,0,0,1,1
1838,BGzavA_ddMr-jGmhArv7fg,nJZK82jCm45_cJflW_pMKw,Japanese,2.0,1,1,1,0,1,0,2,1
2877,BGzavA_ddMr-jGmhArv7fg,3dfJjFeXVb8UoESrypybeQ,Japanese,3.0,1,1,1,0,0,0,2,1
764,BGzavA_ddMr-jGmhArv7fg,EXd0QOsqz6sAOUjMJba_9w,Vietnamese,2.0,1,1,1,0,0,0,1,1
1746,BGzavA_ddMr-jGmhArv7fg,ovlWOSKVjGecnaPuZLv_OQ,Chinese,5.0,1,1,1,0,0,0,2,1
2166,BGzavA_ddMr-jGmhArv7fg,nHFJtud7jWZhM9dHQ1eIRA,Korean,4.0,1,1,1,0,0,0,1,1
911,BGzavA_ddMr-jGmhArv7fg,tO5Ssb7-hnas2fQQ5bt9IA,Thai,4.0,0,0,1,0,0,0,1,1
810,BGzavA_ddMr-jGmhArv7fg,fzHBvd0HZm1yB3UIMqZ3bA,Chinese,4.0,0,1,1,0,0,0,2,1
2898,BGzavA_ddMr-jGmhArv7fg,DEjm5implb5hHqQEmaLuXg,Vietnamese,3.0,1,1,1,2,0,0,1,1
2009,BGzavA_ddMr-jGmhArv7fg,hqpPDu238T1tpBa64Q0TSw,Chinese,3.0,0,0,1,0,0,0,1,1
807,BGzavA_ddMr-jGmhArv7fg,hq10TdILrwtTcAESKY251Q,Chinese,3.0,1,1,1,1,0,0,2,1
911,BGzavA_ddMr-jGmhArv7fg,tO5Ssb7-hnas2fQQ5bt9IA,Thai,4.0,0,0,1,0,0,0,1,1
2138,BGzavA_ddMr-jGmhArv7fg,u2ETlHOcFdRz4BxcdfsK0Q,Thai,2.0,1,1,1,1,1,0,2,1
2078,BGzavA_ddMr-jGmhArv7fg,4twpbw7n4DmsLxAm6-sMkg,Korean,5.0,1,1,1,0,0,0,1,1
318,BGzavA_ddMr-jGmhArv7fg,Nxg73OigmRQQq0d1pKtkUQ,Vietnamese,3.0,1,1,1,0,0,0,1,1
3132,BGzavA_ddMr-jGmhArv7fg,OOO4iaFaBffyeZjiffJccA,Korean,2.0,1,1,1,1,0,0,2,1
1745,BGzavA_ddMr-jGmhArv7fg,3kth9Q4R5qBYdd9TG8AJ1Q,Japanese,4.0,2,1,2,2,2,2,2,2
1415,BGzavA_ddMr-jGmhArv7fg,wMiGwn4qPvEN17CaQ3Zi4g,Chinese,4.0,1,1,1,0,0,0,2,1
695,BGzavA_ddMr-jGmhArv7fg,BxF7p8LSgchlUTYhNAXQyA,Korean,4.0,0,0,1,0,0,0,2,1
1040,BGzavA_ddMr-jGmhArv7fg,BJ9GwNMo8vIgSuKc6B_mOw,Chinese,4.0,1,0,1,0,1,0,2,1
2738,BGzavA_ddMr-jGmhArv7fg,TxOjL5plaQ1803ad4O7WSw,Japanese,4.0,1,1,1,0,0,0,2,1
180,BGzavA_ddMr-jGmhArv7fg,jo4nS-avhKux4IFwFCsrvw,Thai,3.0,0,0,1,0,0,0,1,1
2766,BGzavA_ddMr-jGmhArv7fg,BUcTdN-rNE8urCCQuxSOQA,Chinese,3.0,1,1,1,0,0,0,2,1
1101,BGzavA_ddMr-jGmhArv7fg,lkvHG6proAFP8_evKhdxKA,Chinese,3.0,0,0,1,0,0,0,1,1
1124,BGzavA_ddMr-jGmhArv7fg,grZEbAsZwWA3yJMwDRl0Nw,Japanese,5.0,1,1,1,0,1,0,2,1
2567,BGzavA_ddMr-jGmhArv7fg,HUYEadSbGSQNHXFmT2Ujjw,Japanese,5.0,1,1,1,0,0,0,1,1
220,BGzavA_ddMr-jGmhArv7fg,-AVRReI-nfsa0lKlehEojw,Japanese,3.0,1,1,1,1,0,0,2,1
1424,BGzavA_ddMr-jGmhArv7fg,WEwf_IKutaFK2t-cdMhEWg,Thai,4.0,0,1,1,0,0,0,1,1
962,BGzavA_ddMr-jGmhArv7fg,2xESRiEdjlbRh_uO9LpAJw,Japanese,5.0,1,1,1,0,0,0,2,1
214,BGzavA_ddMr-jGmhArv7fg,BAgrtfTrTrRw9F1HiZBJcQ,Thai,3.0,1,0,0,2,2,0,2,1
1448,BGzavA_ddMr-jGmhArv7fg,KmrSAy80bJQHQ2Z9oQ5xTA,Japanese,3.0,0,1,1,2,0,0,2,1
2685,BGzavA_ddMr-jGmhArv7fg,aLcFhMe6DDJ430zelCpd2A,Thai,4.0,1,1,0,1,0,0,2,1
2437,BGzavA_ddMr-jGmhArv7fg,qcqDjeirxvdgW5kQVkEwSA,Chinese,2.0,1,1,0,0,1,0,1,1
13,BGzavA_ddMr-jGmhArv7fg,oWEFIvvt_kJCuk2V268XeQ,Chinese,3.0,1,1,1,0,0,0,2,1
142,BGzavA_ddMr-jGmhArv7fg,mdBaC30kgcWfAyF1O8anOw,Vietnamese,4.0,1,1,1,1,0,0,2,1
2493,BGzavA_ddMr-jGmhArv7fg,sXLdPB6WWaAN_ZsEAmCF0w,Japanese,3.0,1,0,1,0,0,0,2,1
462,BGzavA_ddMr-jGmhArv7fg,zA6gnF5aPBGoOm6uIbKt-A,Japanese,4.0,1,1,0,0,0,0,3,1
1501,BGzavA_ddMr-jGmhArv7fg,XOkqRJBS6HwTVlrCACAZFw,Thai,4.0,1,1,0,1,1,0,2,1
2437,C3Hpsx_eDfeSmxEc1HBzpA,qcqDjeirxvdgW5kQVkEwSA,Chinese,4.0,1,1,0,0,1,0,1,1
2166,CQUDh80m48xnzUkx-X5NAw,nHFJtud7jWZhM9dHQ1eIRA,Korean,5.0,1,1,1,0,0,0,1,1
2060,CXwHjHxwGDzRTgvU_NdLIQ,5sKb4h7R5gdhePSflPD0Tw,Japanese,3.0,1,1,1,0,1,0,2,1
2390,CXwHjHxwGDzRTgvU_NdLIQ,HESQNQe96hb6heem0ji0xQ,Japanese,3.5,1,1,1,1,0,0,2,1
20,CXwHjHxwGDzRTgvU_NdLIQ,WLEbbuly3H-_raBE1atQRg,Japanese,2.5,1,1,1,0,0,0,2,1
3026,CXwHjHxwGDzRTgvU_NdLIQ,KObbYxMsDmjoF8T3RhpOCw,Japanese,4.0,1,1,1,0,0,0,2,1
2122,CXwHjHxwGDzRTgvU_NdLIQ,59okD6I_2Sy925jXKljgCg,Japanese,2.0,0,0,0,0,0,2,1,1
848,CXwHjHxwGDzRTgvU_NdLIQ,cejOLn5kPuVgm3TMLnpWlQ,Japanese,3.6666666666666665,1,1,1,0,0,0,2,1
2848,CXwHjHxwGDzRTgvU_NdLIQ,-FyvAo_bNe6eXWpEHpSUrQ,Japanese,4.0,1,1,1,0,0,0,2,1
2390,CXwHjHxwGDzRTgvU_NdLIQ,HESQNQe96hb6heem0ji0xQ,Japanese,3.5,1,1,1,1,0,0,2,1
2738,CXwHjHxwGDzRTgvU_NdLIQ,TxOjL5plaQ1803ad4O7WSw,Japanese,4.0,1,1,1,0,0,0,2,1
1377,CXwHjHxwGDzRTgvU_NdLIQ,Vx2J5pskonaXb0WQlejB6Q,Japanese,4.0,1,1,1,0,0,0,2,1
60,CXwHjHxwGDzRTgvU_NdLIQ,XuZqb9sVliEQuz-RuESOlQ,Japanese,2.0,1,1,1,0,0,0,2,1
848,CXwHjHxwGDzRTgvU_NdLIQ,cejOLn5kPuVgm3TMLnpWlQ,Japanese,3.6666666666666665,1,1,1,0,0,0,2,1
2493,CXwHjHxwGDzRTgvU_NdLIQ,sXLdPB6WWaAN_ZsEAmCF0w,Japanese,4.0,1,0,1,0,0,0,2,1
848,CXwHjHxwGDzRTgvU_NdLIQ,cejOLn5kPuVgm3TMLnpWlQ,Japanese,3.6666666666666665,1,1,1,0,0,0,2,1
20,CXwHjHxwGDzRTgvU_NdLIQ,WLEbbuly3H-_raBE1atQRg,Japanese,2.5,1,1,1,0,0,0,2,1
1117,CoS9VbTzh74Hh7FSlAKKVA,eQel7bUz75j0AVKnfsillg,Korean,5.0,1,1,1,0,0,0,2,0
2092,D6tDh72nyGJdeBPJmX9fUQ,r_BrIgzYcwo1NAuG9dLbpg,Thai,5.0,1,1,1,0,0,0,2,1
1770,DS0Idr2XDhz5e7ZfSy0dYA,3HeX5ZAaPesR0psjGHtI6g,Chinese,3.0,2,0,1,1,0,0,1,1
3009,DS0Idr2XDhz5e7ZfSy0dYA,QxnwaNgY6_e88SBfmT6k1w,Chinese,3.0,0,0,1,1,0,0,1,1
612,DS0Idr2XDhz5e7ZfSy0dYA,--6MefnULPED_I942VcFNA,Chinese,5.0,1,1,1,0,0,0,2,1
810,DS0Idr2XDhz5e7ZfSy0dYA,fzHBvd0HZm1yB3UIMqZ3bA,Chinese,4.0,0,1,1,0,0,0,2,1
2072,DS0Idr2XDhz5e7ZfSy0dYA,3qjztON1RW5Hn6QJLDl8ug,Chinese,3.0,1,1,1,0,0,0,3,1
451,EiT_pSuIb08oRn4CfwfMJg,Cs8BaiKkyNU6mzxq9nTsmg,Chinese,4.0,1,1,1,0,0,0,2,1
2255,EiT_pSuIb08oRn4CfwfMJg,84RdNjDKXKzqZlSlT6G6PA,Japanese,4.0,1,1,1,1,1,0,1,1
749,EiT_pSuIb08oRn4CfwfMJg,td9FZybutwNG7DgocHCiXA,Chinese,4.0,1,0,1,0,0,0,3,1
749,EiT_pSuIb08oRn4CfwfMJg,td9FZybutwNG7DgocHCiXA,Chinese,4.0,1,0,1,0,0,0,3,1
971,EiT_pSuIb08oRn4CfwfMJg,CN5nuUQod0f8g3oh99qq0w,Japanese,5.0,1,1,0,0,0,0,2,1
1382,EiT_pSuIb08oRn4CfwfMJg,Cp3YRVZojrCGeQS41Hf1pw,Vietnamese,4.0,1,1,1,0,0,0,1,1
2472,EiT_pSuIb08oRn4CfwfMJg,EhGPj8iJDIdaHnWg9d5BgA,Chinese,4.0,1,0,1,0,0,0,2,1
1329,EiT_pSuIb08oRn4CfwfMJg,RrqcZLX05djKo1GVLMXMDQ,Korean,4.0,1,1,1,0,0,0,2,1
569,EiT_pSuIb08oRn4CfwfMJg,zkU-WMio8g6dpRJ2Y2xqvQ,Chinese,4.0,1,1,1,0,0,0,2,1
590,EiT_pSuIb08oRn4CfwfMJg,6t7U64hS_cBZtVKSP-q5Ww,Chinese,4.0,2,0,1,1,0,0,2,0
970,EiT_pSuIb08oRn4CfwfMJg,nrq5H3LZicjMG0wv7gy08g,Japanese,5.0,1,1,0,0,0,0,2,1
883,EiT_pSuIb08oRn4CfwfMJg,L_tieGcFMQVSmk7XiA093A,Chinese,4.0,0,1,1,0,0,0,2,0
1776,EiwxlbR8fb68lMgEXhcWKA,f5O7v_X_jCg2itqacRfxhg,Japanese,4.0,1,1,1,0,0,0,2,0
2334,FmnV0mpRSLm9iQ1uvbNoSw,QePLHlU8MFaU2Sf9dzoLTg,Japanese,5.0,1,1,1,1,1,0,2,1
1531,GFyA9ULGAeD-xZEPto2y7A,PTbpP2T-Km0g11wB6h2lKg,Thai,3.0,1,1,1,0,0,0,2,1
1244,Gppf1W0Bk9olxs1vplhmUg,oRgoOhwCex1X9j1iQ9ou3w,Chinese,5.0,1,1,1,0,0,0,2,1
1846,Gppf1W0Bk9olxs1vplhmUg,eI1ZHGOr2Pus842KrZD5ZQ,Chinese,5.0,1,1,1,0,0,0,2,1
1952,Gppf1W0Bk9olxs1vplhmUg,8YG7PRoZuHeKii0rtNvJFQ,Chinese,5.0,1,1,1,0,0,0,2,1
2166,Gx9m-uVNSAua8KdVyiQfGA,nHFJtud7jWZhM9dHQ1eIRA,Korean,4.0,1,1,1,0,0,0,1,1
2166,Hi10sGSZNxQH3NLyWSZ1oA,nHFJtud7jWZhM9dHQ1eIRA,Korean,4.0,1,1,1,0,0,0,1,1
1752,Hi10sGSZNxQH3NLyWSZ1oA,WN3NSIJQHfxtjf1kV7snVA,Japanese,5.0,0,1,1,0,0,0,1,1
1636,Hi10sGSZNxQH3NLyWSZ1oA,N93EYZy9R0sdlEvubu94ig,Vietnamese,5.0,0,1,1,0,0,0,1,1
1676,Hi10sGSZNxQH3NLyWSZ1oA,F_oPMHJrH42R67xp5eKtQA,Korean,4.0,1,1,1,0,0,0,1,1
2175,Hi10sGSZNxQH3NLyWSZ1oA,QaxDKkqYTtVYZJcqBNTnvQ,Chinese,5.0,0,1,1,0,0,0,1,1
2078,Hi10sGSZNxQH3NLyWSZ1oA,4twpbw7n4DmsLxAm6-sMkg,Korean,5.0,1,1,1,0,0,0,1,1
965,Hi10sGSZNxQH3NLyWSZ1oA,Tn8O4tv1U-n0PRC8kbJJPg,Vietnamese,5.0,0,1,1,0,0,0,1,1
2274,Hi10sGSZNxQH3NLyWSZ1oA,i2sSSIrgQg1fVjqYXZLvNA,Korean,5.0,0,0,1,0,0,0,1,1
886,Hi10sGSZNxQH3NLyWSZ1oA,fGurvC5BdOfd5MIuLUQYVA,Chinese,5.0,0,1,1,0,0,0,1,1
3082,ITa3vh5ERI90G_WP4SmGUQ,dy0O7DaSUd49NZWSEtvz_g,Thai,4.0,1,1,0,0,1,0,3,0
2400,IwHLuykqqmGVNHJ_UCwXWg,trKyIRyjKqVSZmcU0AnICQ,Chinese,4.0,1,1,1,0,0,0,2,1
1126,IwHLuykqqmGVNHJ_UCwXWg,2Q89PhkcyT9uZnQORmqMKg,Chinese,4.0,1,1,1,0,0,0,2,1
2981,IwHLuykqqmGVNHJ_UCwXWg,AbQMlXCfWvMnNXADMaiMIw,Chinese,3.0,1,0,1,1,0,0,2,1
1697,IwHLuykqqmGVNHJ_UCwXWg,DPA9MQKkCqT0qnevsG740A,Thai,4.0,1,1,0,0,0,0,2,1
1395,JXt_vd2l_SkhFZdablieUg,jNiZgCwZj4CNw1noxiC8PQ,Chinese,4.0,1,1,1,0,0,0,2,1
698,JnPIjvC0cmooNDfsa9BmXg,2S9t90Q0qZWCV7X_u0rxZQ,Japanese,2.0,1,1,1,0,0,0,2,1
1338,JnPIjvC0cmooNDfsa9BmXg,-W1bYeAk18xShlb6_Yb2Ig,Thai,4.0,1,1,0,1,1,0,2,1
1773,JnPIjvC0cmooNDfsa9BmXg,QTSCFDPcuROE8UCvGS8Fiw,Japanese,3.0,1,1,1,0,1,0,2,1
3114,JnPIjvC0cmooNDfsa9BmXg,3C1zbn47G5pDfX5OHJ1CRg,Japanese,4.0,2,0,1,2,0,2,1,1
1501,JnPIjvC0cmooNDfsa9BmXg,XOkqRJBS6HwTVlrCACAZFw,Thai,4.0,1,1,0,1,1,0,2,1
1080,JnPIjvC0cmooNDfsa9BmXg,WbQOuI7mVST8XrJotWq9fA,Chinese,2.0,0,1,1,0,0,0,1,1
1219,JnPIjvC0cmooNDfsa9BmXg,CLNqviorDO-pQvxTTy3kbA,Thai,4.0,1,1,0,0,1,0,1,0
1576,JnPIjvC0cmooNDfsa9BmXg,cfGNZTCw1pCR_fma6wgfwg,Vietnamese,4.0,1,1,1,1,0,0,1,1
1811,JnPIjvC0cmooNDfsa9BmXg,nkTiiS4qTb9INNOWVvystw,Thai,3.0,1,1,1,0,0,0,2,1
1161,JnPIjvC0cmooNDfsa9BmXg,R8ft_fn8y9ejKoYnQwdByg,Vietnamese,2.0,1,1,1,0,0,0,2,1
1338,JnPIjvC0cmooNDfsa9BmXg,-W1bYeAk18xShlb6_Yb2Ig,Thai,4.0,1,1,0,1,1,0,2,1
1338,JnPIjvC0cmooNDfsa9BmXg,-W1bYeAk18xShlb6_Yb2Ig,Thai,4.0,1,1,0,1,1,0,2,1
896,JnPIjvC0cmooNDfsa9BmXg,Q3SdFs_6P3BPhPPywHZqBQ,Thai,5.0,0,1,1,0,0,0,2,1
1496,JnPIjvC0cmooNDfsa9BmXg,YLc7Djf3GsC8IT84YkZMzw,Thai,4.0,0,1,1,1,0,0,2,1
686,JnPIjvC0cmooNDfsa9BmXg,d6G0w_e3GaA90NSQeovShA,Vietnamese,5.0,1,1,1,1,1,0,2,1
2437,JnPIjvC0cmooNDfsa9BmXg,qcqDjeirxvdgW5kQVkEwSA,Chinese,3.0,1,1,0,0,1,0,1,1
2890,JnPIjvC0cmooNDfsa9BmXg,-av1lZI1JDY_RZN2eTMnWg,Thai,4.0,1,1,1,0,0,0,2,1
2437,JnPIjvC0cmooNDfsa9BmXg,qcqDjeirxvdgW5kQVkEwSA,Chinese,3.0,1,1,0,0,1,0,1,1
2890,JnPIjvC0cmooNDfsa9BmXg,-av1lZI1JDY_RZN2eTMnWg,Thai,4.0,1,1,1,0,0,0,2,1
220,JnPIjvC0cmooNDfsa9BmXg,-AVRReI-nfsa0lKlehEojw,Japanese,4.0,1,1,1,1,0,0,2,1
672,JnPIjvC0cmooNDfsa9BmXg,goihA0c0gTfhNKmgBOHYBA,Korean,2.0,1,1,0,0,0,0,2,0
2392,JnPIjvC0cmooNDfsa9BmXg,c1VhAIzfRqnYUao6RQmjQw,Chinese,4.0,1,1,1,1,0,0,2,1
677,JnPIjvC0cmooNDfsa9BmXg,ZAu2dg-4mwCy20biGgmV1A,Thai,4.0,0,1,1,0,0,0,2,1
2359,JnPIjvC0cmooNDfsa9BmXg,cj_9eTPR0JBqk9qt2VmzFw,Korean,4.0,0,1,1,0,0,0,1,1
301,KDewJBJknfWvQyHHFNbfdg,gtcsOodbmk4E0TulYHnlHA,Chinese,5.0,1,1,0,0,1,0,2,0
1643,KDewJBJknfWvQyHHFNbfdg,lGTZWahMoXRpGoftnt-T0w,Japanese,4.0,1,1,1,0,0,0,2,1
2437,KDewJBJknfWvQyHHFNbfdg,qcqDjeirxvdgW5kQVkEwSA,Chinese,4.0,1,1,0,0,1,0,1,1
1219,KDewJBJknfWvQyHHFNbfdg,CLNqviorDO-pQvxTTy3kbA,Thai,2.0,1,1,0,0,1,0,1,0
262,KDewJBJknfWvQyHHFNbfdg,EzGGUtQtbE8z57pqxE0I8w,Chinese,4.0,0,1,1,0,0,0,1,1
1901,KDewJBJknfWvQyHHFNbfdg,rROHsa0BQsKjxNnfYjBF9g,Chinese,2.0,1,1,1,0,0,0,2,1
2311,LkP5uU4ncr5MgNp8ercSCA,SEURrw7032BR15PKZ_aleA,Chinese,4.0,1,1,1,0,0,0,2,1
2790,LkP5uU4ncr5MgNp8ercSCA,DE89UdHFMCN6DtYWZuer5A,Japanese,4.0,1,1,1,0,0,0,2,0
1237,LkP5uU4ncr5MgNp8ercSCA,E-wETrdq1uImd6lX6x8Qxw,Chinese,4.0,1,1,1,0,0,0,2,0
1967,LkP5uU4ncr5MgNp8ercSCA,ttuEwktrkmh3TUlSFPZqAA,Vietnamese,3.0,0,0,1,0,0,0,1,1
1382,M7vDDzoPNQDN2FdTcwCq4A,Cp3YRVZojrCGeQS41Hf1pw,Vietnamese,5.0,1,1,1,0,0,0,1,1
435,M7vDDzoPNQDN2FdTcwCq4A,478TIlfHXfT3wvww54QsPg,Japanese,5.0,1,1,0,1,1,0,3,1
2362,NNL1zLTP2J_SOputgoPYeQ,YlVgpTsLGrzZNJ039psmIA,Thai,3.0,2,2,1,0,0,0,2,1
1967,NNL1zLTP2J_SOputgoPYeQ,ttuEwktrkmh3TUlSFPZqAA,Vietnamese,4.0,0,0,1,0,0,0,1,1
2175,NNL1zLTP2J_SOputgoPYeQ,QaxDKkqYTtVYZJcqBNTnvQ,Chinese,5.0,0,1,1,0,0,0,1,1
2092,NNL1zLTP2J_SOputgoPYeQ,r_BrIgzYcwo1NAuG9dLbpg,Thai,5.0,1,1,1,0,0,0,2,1
1846,P3usQcIegPCl-cdH4IDirg,eI1ZHGOr2Pus842KrZD5ZQ,Chinese,4.0,1,1,1,0,0,0,2,1
2707,P5bUL3Engv-2z6kKohB6qQ,hKGDI_4BHHkW-D6WsMQN2w,Japanese,5.0,1,0,0,0,0,0,4,0
1704,PB3OEIzQGx_p6VdpzX3Feg,bzMO8LJmJtgo3KuyWGKUxA,Chinese,4.0,0,1,1,1,0,0,1,1
2821,PB3OEIzQGx_p6VdpzX3Feg,_xAJZOKBMPOe47p1MphB2w,Chinese,5.0,1,1,1,0,0,0,3,1
2512,Q9mA60HnY87C1TW5kjAZ6Q,mzREMIknfmagJugibXrCsQ,Vietnamese,3.6666666666666665,1,1,1,0,0,0,1,1
1496,Q9mA60HnY87C1TW5kjAZ6Q,YLc7Djf3GsC8IT84YkZMzw,Thai,4.0,0,1,1,1,0,0,2,1
1498,Q9mA60HnY87C1TW5kjAZ6Q,0mM_smCpKeKaL0MPMKOLFg,Thai,4.0,1,1,1,1,0,0,2,1
2492,Q9mA60HnY87C1TW5kjAZ6Q,O1TvPrgkK2bUo5O5aSZ7lw,Chinese,4.0,1,1,1,0,0,0,2,1
2704,Q9mA60HnY87C1TW5kjAZ6Q,Fk3EJL73i9Uql92ndZscMA,Chinese,3.0,0,0,1,1,0,0,1,1
2614,Q9mA60HnY87C1TW5kjAZ6Q,H-TEXVBXoNLFw2lp9gA2zA,Japanese,4.0,1,1,1,0,1,0,2,1
2637,Q9mA60HnY87C1TW5kjAZ6Q,Cjs6QghR-nIninfgAoErvw,Chinese,4.0,2,1,1,1,0,0,2,1
2614,Q9mA60HnY87C1TW5kjAZ6Q,H-TEXVBXoNLFw2lp9gA2zA,Japanese,4.0,1,1,1,0,1,0,2,1
2647,Q9mA60HnY87C1TW5kjAZ6Q,1zzzuXq0ov-x0aogiqHl-A,Thai,4.0,1,1,1,0,0,0,2,1
2240,Q9mA60HnY87C1TW5kjAZ6Q,JhQyOcVCkzNANOXgrbW11A,Japanese,3.3333333333333335,1,1,0,1,0,0,2,1
2218,Q9mA60HnY87C1TW5kjAZ6Q,Mv3pO01Alty1pXQwi-Uy5A,Chinese,3.0,0,2,1,1,0,0,1,1
2625,Q9mA60HnY87C1TW5kjAZ6Q,lRwpFFaFr3QQ5fGHkk3eXQ,Japanese,3.0,1,1,1,0,0,0,1,1
2240,Q9mA60HnY87C1TW5kjAZ6Q,JhQyOcVCkzNANOXgrbW11A,Japanese,3.3333333333333335,1,1,0,1,0,0,2,1
2630,Q9mA60HnY87C1TW5kjAZ6Q,PPDW3gtt0JojgXNYcSH1GA,Japanese,4.0,1,1,1,0,0,0,2,1
2647,Q9mA60HnY87C1TW5kjAZ6Q,1zzzuXq0ov-x0aogiqHl-A,Thai,4.0,1,1,1,0,0,0,2,1
2766,Q9mA60HnY87C1TW5kjAZ6Q,BUcTdN-rNE8urCCQuxSOQA,Chinese,4.0,1,1,1,0,0,0,2,1
2511,Q9mA60HnY87C1TW5kjAZ6Q,sPGbBt01zybTxV2FRdRaDQ,Chinese,4.0,1,0,1,1,0,0,2,1
1407,Q9mA60HnY87C1TW5kjAZ6Q,rqWsS6QJKweNBsC6wZgUjA,Vietnamese,3.0,0,1,1,0,0,0,1,1
1676,Q9mA60HnY87C1TW5kjAZ6Q,F_oPMHJrH42R67xp5eKtQA,Korean,5.0,1,1,1,0,0,0,1,1
1400,Q9mA60HnY87C1TW5kjAZ6Q,65IxMPJtsgMlG-fCJy7SAg,Japanese,4.0,1,1,1,0,0,0,2,1
1745,Q9mA60HnY87C1TW5kjAZ6Q,3kth9Q4R5qBYdd9TG8AJ1Q,Japanese,5.0,2,1,2,2,2,2,2,2
2139,Q9mA60HnY87C1TW5kjAZ6Q,zqPAwZbi5rS1dyHrKzDpMg,Korean,4.0,1,1,1,1,1,0,2,1
2856,Q9mA60HnY87C1TW5kjAZ6Q,3I-D0RpnJfx9ghxvJQuaaA,Thai,4.0,1,1,1,0,0,0,2,1
1768,Q9mA60HnY87C1TW5kjAZ6Q,B5JCODx4728Ce2Qca1NFHw,Japanese,3.0,1,1,0,0,0,0,2,0
1848,Q9mA60HnY87C1TW5kjAZ6Q,HG9m9eldYtnX_UeMt4Yy2w,Chinese,4.0,0,1,1,0,0,0,2,1
2135,Q9mA60HnY87C1TW5kjAZ6Q,RI-E3WWC_KMm27EShF3O8Q,Chinese,4.0,2,0,2,0,0,0,1,1
2175,Q9mA60HnY87C1TW5kjAZ6Q,QaxDKkqYTtVYZJcqBNTnvQ,Chinese,4.0,0,1,1,0,0,0,1,1
1852,Q9mA60HnY87C1TW5kjAZ6Q,pbMrG6pc-dh5yePwYRNa2A,Chinese,4.0,0,1,1,0,0,0,1,1
2170,Q9mA60HnY87C1TW5kjAZ6Q,fJvY-QjDY1ZWWArjx9rRIw,Japanese,4.0,1,1,0,0,0,0,2,1
1599,Q9mA60HnY87C1TW5kjAZ6Q,qR_7AxFKqasD9fiF17152g,Japanese,4.0,1,1,1,0,0,0,3,1
2072,Q9mA60HnY87C1TW5kjAZ6Q,3qjztON1RW5Hn6QJLDl8ug,Chinese,4.0,1,1,1,0,0,0,3,1
2051,Q9mA60HnY87C1TW5kjAZ6Q,2d9RbgRtHJyTRzY99GBNOQ,Chinese,3.0,1,1,1,0,0,0,2,1
1992,Q9mA60HnY87C1TW5kjAZ6Q,AVLj5MSJD1si-Rl6X6qTXQ,Chinese,3.0,1,1,1,0,0,0,2,1
2927,Q9mA60HnY87C1TW5kjAZ6Q,rDSe05sxgfjcIRzaBFH4xg,Japanese,4.0,1,0,0,1,0,0,2,1
2166,Q9mA60HnY87C1TW5kjAZ6Q,nHFJtud7jWZhM9dHQ1eIRA,Korean,3.0,1,1,1,0,0,0,1,1
3060,Q9mA60HnY87C1TW5kjAZ6Q,OUB81Dpb6m7HjW4ZmeSlmw,Chinese,4.0,0,1,1,0,0,0,1,1
1643,Q9mA60HnY87C1TW5kjAZ6Q,lGTZWahMoXRpGoftnt-T0w,Japanese,3.0,1,1,1,0,0,0,2,1
2240,Q9mA60HnY87C1TW5kjAZ6Q,JhQyOcVCkzNANOXgrbW11A,Japanese,3.3333333333333335,1,1,0,1,0,0,2,1
2293,Q9mA60HnY87C1TW5kjAZ6Q,IxDYVpjEeCxZ8HsZnthvdw,Thai,3.0,1,1,1,0,0,0,2,1
1626,Q9mA60HnY87C1TW5kjAZ6Q,DQLhafBySo3p2EJudn-7WA,Japanese,5.0,1,1,1,0,0,0,2,1
2225,Q9mA60HnY87C1TW5kjAZ6Q,9FPs1mXHZEoEWo3kw9cwGQ,Japanese,4.0,1,1,1,1,0,0,2,1
2437,Q9mA60HnY87C1TW5kjAZ6Q,qcqDjeirxvdgW5kQVkEwSA,Chinese,3.0,1,1,0,0,1,0,1,1
2367,Q9mA60HnY87C1TW5kjAZ6Q,ar3FKybOl9yazviTBu-NRg,Japanese,3.0,1,0,1,1,0,0,2,1
2371,Q9mA60HnY87C1TW5kjAZ6Q,_F1_05YYlvePzomZ_NFijA,Japanese,3.0,1,1,1,0,0,0,2,1
2512,Q9mA60HnY87C1TW5kjAZ6Q,mzREMIknfmagJugibXrCsQ,Vietnamese,3.6666666666666665,1,1,1,0,0,0,1,1
2512,Q9mA60HnY87C1TW5kjAZ6Q,mzREMIknfmagJugibXrCsQ,Vietnamese,3.6666666666666665,1,1,1,0,0,0,1,1
1440,Q9mA60HnY87C1TW5kjAZ6Q,fUOY7g6JcO0m3iZNfK0O0g,Japanese,2.0,1,1,1,0,1,0,2,1
2441,Q9mA60HnY87C1TW5kjAZ6Q,tZkUF9LI9oxtNsZtsbpfVg,Japanese,4.0,1,1,1,0,0,0,2,1
2236,Q9mA60HnY87C1TW5kjAZ6Q,Fv621YzHSas5eYM8ppllhQ,Vietnamese,3.0,2,2,1,1,0,2,1,1
2945,Q9mA60HnY87C1TW5kjAZ6Q,RtUvSWO_UZ8V3Wpj0n077w,Japanese,3.0,1,1,0,0,1,0,2,1
3059,Q9mA60HnY87C1TW5kjAZ6Q,aQXzyObFK-Frx1fM_hLhew,Japanese,4.0,1,1,1,0,0,0,2,1
2936,Q9mA60HnY87C1TW5kjAZ6Q,96DHi-xkBB3CtsQRTPUjxQ,Japanese,3.0,1,1,1,0,0,0,2,1
608,Q9mA60HnY87C1TW5kjAZ6Q,Kxop0nGA-BUrwYD4EGhyPA,Chinese,3.0,0,1,1,0,0,0,1,1
3129,Q9mA60HnY87C1TW5kjAZ6Q,ukcwpK5MSuZgrCmQRz6Qmw,Japanese,5.0,2,0,1,1,2,0,2,1
2890,Q9mA60HnY87C1TW5kjAZ6Q,-av1lZI1JDY_RZN2eTMnWg,Thai,3.0,1,1,1,0,0,0,2,1
3078,Q9mA60HnY87C1TW5kjAZ6Q,QNfh79NwsNnl-AngRhg2ww,Japanese,5.0,1,1,1,1,0,0,2,1
1241,Q9mA60HnY87C1TW5kjAZ6Q,4izLezuABxOQUylmVenjHw,Japanese,5.0,1,1,0,0,0,0,3,1
184,Q9mA60HnY87C1TW5kjAZ6Q,xjYAqZKDP3xnWOeJ4FGs_A,Korean,4.0,2,2,0,2,2,2,2,2
1117,Q9mA60HnY87C1TW5kjAZ6Q,eQel7bUz75j0AVKnfsillg,Korean,4.0,1,1,1,0,0,0,2,0
3099,Q9mA60HnY87C1TW5kjAZ6Q,bsFZnc2mYyGy5cFf5EWTWg,Japanese,3.0,1,1,1,0,0,0,2,1
85,Q9mA60HnY87C1TW5kjAZ6Q,iByQmTmTdO7hP4n1grSSWQ,Japanese,3.0,1,1,1,0,0,0,2,1
374,Q9mA60HnY87C1TW5kjAZ6Q,znu3EN7tDFIXmiTwKvX1Ow,Japanese,4.0,1,1,1,1,0,0,2,1
52,Q9mA60HnY87C1TW5kjAZ6Q,6ZydAxt8IH5zTdDC0yna_A,Thai,4.0,2,2,1,0,0,0,2,1
1061,Q9mA60HnY87C1TW5kjAZ6Q,ryyptYnhb8n94NnEF_MRnQ,Japanese,4.0,1,1,1,1,1,0,2,1
301,Q9mA60HnY87C1TW5kjAZ6Q,gtcsOodbmk4E0TulYHnlHA,Chinese,5.0,1,1,0,0,1,0,2,0
352,Q9mA60HnY87C1TW5kjAZ6Q,gl1zQmiA8MUHmLL2wsCdVA,Japanese,4.0,1,1,1,0,0,0,2,1
686,Q9mA60HnY87C1TW5kjAZ6Q,d6G0w_e3GaA90NSQeovShA,Vietnamese,4.0,1,1,1,1,1,0,2,1
2932,Q9mA60HnY87C1TW5kjAZ6Q,3zKqIaiW_DENjZNcd31W4A,Chinese,3.0,0,1,1,0,0,0,1,1
280,Q9mA60HnY87C1TW5kjAZ6Q,W6HgKXp-gXozKjOqGqIOXg,Chinese,3.0,1,1,1,1,1,0,2,1
1028,Q9mA60HnY87C1TW5kjAZ6Q,sGlJTru2c707Vevy3ZmNMw,Thai,4.0,2,0,1,0,0,0,2,1
1219,Q9mA60HnY87C1TW5kjAZ6Q,CLNqviorDO-pQvxTTy3kbA,Thai,2.0,1,1,0,0,1,0,1,0
270,Q9mA60HnY87C1TW5kjAZ6Q,Kn57RIWAdnVfJHI1loLXOQ,Chinese,4.0,1,2,1,0,0,0,2,1
658,Q9mA60HnY87C1TW5kjAZ6Q,b7wUWVV01xaa7E0FUNMDiw,Chinese,5.0,1,1,0,0,1,0,3,0
1260,Q9mA60HnY87C1TW5kjAZ6Q,v0a2G9zBDM3hVprzSy39Kw,Korean,4.0,1,1,1,1,0,0,2,1
617,Q9mA60HnY87C1TW5kjAZ6Q,dYJ7uBteyJiNHCLyK1ZOoQ,Japanese,4.0,1,1,1,0,0,0,2,1
2946,Q9mA60HnY87C1TW5kjAZ6Q,DrCk0XKa1U5xeci8a7YFpg,Japanese,5.0,2,2,2,2,0,2,,2
463,Q9mA60HnY87C1TW5kjAZ6Q,HuWUIXfaXt9hcP5MKG-Qyg,Chinese,3.0,2,2,1,0,0,0,2,1
992,Q9mA60HnY87C1TW5kjAZ6Q,SxjNgkzAlUG-wt2rSbc2HQ,Chinese,3.0,1,1,1,0,0,0,2,1
458,Q9mA60HnY87C1TW5kjAZ6Q,ABRgXNwdOX_JyqChNr8IYw,Chinese,3.0,0,1,1,0,0,0,2,1
301,Q9mA60HnY87C1TW5kjAZ6Q,gtcsOodbmk4E0TulYHnlHA,Chinese,5.0,1,1,0,0,1,0,2,0
301,Q9mA60HnY87C1TW5kjAZ6Q,gtcsOodbmk4E0TulYHnlHA,Chinese,5.0,1,1,0,0,1,0,2,0
896,Q9mA60HnY87C1TW5kjAZ6Q,Q3SdFs_6P3BPhPPywHZqBQ,Thai,3.0,0,1,1,0,0,0,2,1
343,Q9mA60HnY87C1TW5kjAZ6Q,_HePiPCk9tmgezshWwZGOw,Chinese,4.0,1,1,1,1,0,0,2,1
368,Q9mA60HnY87C1TW5kjAZ6Q,zgQHtqX0gqMw1nlBZl2VnQ,Chinese,5.0,1,1,0,0,0,0,2,1
2920,QMqSgBqSrlRhz2B0UiORjw,RwRNR4z3kY-4OsFqigY5sw,Japanese,4.0,0,1,0,0,0,0,1,1
1743,QQZ9ColZA3eOLWdnSSpzUg,ww_MXl-qDLeYdYTZZ9KWbA,Vietnamese,4.0,0,1,1,0,0,0,1,1
1502,SFYKOFR2f867C0XRYWfiBA,M28FGxlpihDrbPCuTfUB6w,Chinese,1.0,1,1,1,1,1,0,2,1
462,SdjDKPsfCUIIwY_mZHZLog,zA6gnF5aPBGoOm6uIbKt-A,Japanese,1.0,1,1,0,0,0,0,3,1
749,SdjDKPsfCUIIwY_mZHZLog,td9FZybutwNG7DgocHCiXA,Chinese,4.0,1,0,1,0,0,0,3,1
2719,U4INQZOPSUaj8hMjLlZ3KA,LGZPjmhEg2QYeGZ2PKnpQw,Chinese,5.0,1,1,1,0,0,0,2,1
749,U4INQZOPSUaj8hMjLlZ3KA,td9FZybutwNG7DgocHCiXA,Chinese,4.0,1,0,1,0,0,0,3,1
2092,W42E8JMyTLKI6FSU0Mau2A,r_BrIgzYcwo1NAuG9dLbpg,Thai,4.0,1,1,1,0,0,0,2,1
1088,WPBrjBbk76ZtZQ8QpG09cQ,vkPnenjnmlIB1c_XmU4opw,Korean,4.0,1,1,1,0,0,0,2,1
443,WPBrjBbk76ZtZQ8QpG09cQ,m9I_bnvcXpNrwAx6oViZng,Japanese,3.0,1,1,1,0,0,0,2,1
613,WPBrjBbk76ZtZQ8QpG09cQ,RlNmDWJ0kkEWXW7yORJZVw,Chinese,5.0,0,1,1,0,0,0,2,1
1741,WPBrjBbk76ZtZQ8QpG09cQ,4WW0U2mKgFYJILnWLmUwLA,Korean,4.0,1,1,1,1,0,0,2,1
295,WPBrjBbk76ZtZQ8QpG09cQ,VGZ_MJ7P3vSQMYyQf-mNjw,Chinese,4.0,1,1,1,1,0,0,2,1
939,WPBrjBbk76ZtZQ8QpG09cQ,piZ4JqJI5WTljJuQV7yZHQ,Japanese,4.0,1,1,0,0,0,0,2,1
368,WWnhqRnWWjutMqh-2SzEuQ,zgQHtqX0gqMw1nlBZl2VnQ,Chinese,5.0,1,1,0,0,0,0,2,1
1487,WWnhqRnWWjutMqh-2SzEuQ,tEfmHuo_dNanyTaC5PyoOQ,Japanese,5.0,1,1,0,0,1,0,3,0
886,Wc5L6iuvSNF5WGBlqIO8nw,fGurvC5BdOfd5MIuLUQYVA,Chinese,5.0,0,1,1,0,0,0,1,1
1676,Wc5L6iuvSNF5WGBlqIO8nw,F_oPMHJrH42R67xp5eKtQA,Korean,4.0,1,1,1,0,0,0,1,1
29,Wc5L6iuvSNF5WGBlqIO8nw,c78Pat78fVUBFPXYeVvbaQ,Korean,4.0,1,1,0,0,0,0,2,0
368,WeVkkF5L39888IPPlRhNpg,zgQHtqX0gqMw1nlBZl2VnQ,Chinese,4.0,1,1,0,0,0,0,2,1
2115,WeVkkF5L39888IPPlRhNpg,BLgwFGqvAIiG9J2ID47YyA,Chinese,5.0,1,1,1,0,0,0,2,1
2909,WeVkkF5L39888IPPlRhNpg,bxoxAAJGE3VeGgOk-YbISw,Thai,4.0,1,1,1,0,0,0,1,1
301,WeVkkF5L39888IPPlRhNpg,gtcsOodbmk4E0TulYHnlHA,Chinese,4.0,1,1,0,0,1,0,2,0
467,WeVkkF5L39888IPPlRhNpg,jd2jM22n-2DaIqlqVitUbw,Thai,2.0,1,0,1,0,0,0,2,1
2290,WeVkkF5L39888IPPlRhNpg,tH_ObhULoHCb1n08pbHgHQ,Chinese,4.0,1,1,1,0,0,0,2,1
939,WeVkkF5L39888IPPlRhNpg,piZ4JqJI5WTljJuQV7yZHQ,Japanese,4.0,1,1,0,0,0,0,2,1
2192,WeVkkF5L39888IPPlRhNpg,qiRyyRWt6jmAxcoVW0-WHA,Chinese,5.0,1,1,1,1,0,0,2,1
851,WeVkkF5L39888IPPlRhNpg,Ro-_PAzq-Rdxl5JhM3WmoA,Japanese,4.0,1,1,1,1,0,0,2,1
1953,WeVkkF5L39888IPPlRhNpg,Q7oKidQDV52LEPfiwizSNQ,Japanese,4.0,1,1,1,1,1,0,2,1
174,WeVkkF5L39888IPPlRhNpg,rsiW1dz9FD1EfNPoDfaDDQ,Thai,3.0,1,1,1,1,1,0,2,1
2364,WeVkkF5L39888IPPlRhNpg,nd-dSwGuSGhx-fF3-M70Og,Chinese,1.0,2,2,2,2,2,2,,2
1636,WeVkkF5L39888IPPlRhNpg,N93EYZy9R0sdlEvubu94ig,Vietnamese,5.0,0,1,1,0,0,0,1,1
934,WeVkkF5L39888IPPlRhNpg,SjgeuBlgKER9yegpoxT99w,Japanese,5.0,1,1,0,1,0,0,2,1
521,WeVkkF5L39888IPPlRhNpg,T-1A_7-XHCv8XDXaMIlefA,Thai,4.0,1,1,1,1,0,0,1,1
2331,WeVkkF5L39888IPPlRhNpg,QGTqGNLZbBA1QD8L_fO9ZA,Japanese,4.0,1,1,1,0,0,0,3,0
2522,WeVkkF5L39888IPPlRhNpg,rjJM4xHdCKJRUpovQ-msAQ,Japanese,5.0,1,1,1,0,0,0,2,1
2491,WeVkkF5L39888IPPlRhNpg,oZyaFqZYf0eqKRiP-aY81Q,Vietnamese,4.0,0,1,1,1,0,0,2,1
367,WeVkkF5L39888IPPlRhNpg,qA0SlNp1fVtMuB51okYhIw,Thai,5.0,1,1,1,0,0,0,2,1
1985,WeVkkF5L39888IPPlRhNpg,rOyXMZJIFa0_XW2AeXatsA,Chinese,4.0,0,1,1,1,0,0,2,1
2123,WeVkkF5L39888IPPlRhNpg,cwQwLJMaTA2Zm0LfPx4diw,Thai,3.0,0,1,1,0,0,0,2,1
621,WeVkkF5L39888IPPlRhNpg,zRxKrysFBrKH76yhyVdrRA,Japanese,4.0,1,1,1,0,0,0,3,1
2051,WeVkkF5L39888IPPlRhNpg,2d9RbgRtHJyTRzY99GBNOQ,Chinese,4.0,1,1,1,0,0,0,2,1
810,WeVkkF5L39888IPPlRhNpg,fzHBvd0HZm1yB3UIMqZ3bA,Chinese,4.0,0,1,1,0,0,0,2,1
367,WeVkkF5L39888IPPlRhNpg,qA0SlNp1fVtMuB51okYhIw,Thai,5.0,1,1,1,0,0,0,2,1
2475,WeVkkF5L39888IPPlRhNpg,iMoFE2g4kDG4FfKLJvk3Jw,Korean,4.0,0,1,1,0,0,0,1,1
2472,WeVkkF5L39888IPPlRhNpg,EhGPj8iJDIdaHnWg9d5BgA,Chinese,3.0,1,0,1,0,0,0,2,1
2926,WeVkkF5L39888IPPlRhNpg,jjmirGh6JBd366rUACE--w,Vietnamese,4.0,0,2,1,1,0,0,1,1
563,WeVkkF5L39888IPPlRhNpg,jCzrbfboRc3D-9_Gr0Wm9w,Chinese,5.0,1,1,1,1,0,0,2,1
2378,WeVkkF5L39888IPPlRhNpg,Kig-T7wfebjGIpgSKcdlKA,Chinese,4.0,1,1,1,0,0,0,1,1
2492,WeVkkF5L39888IPPlRhNpg,O1TvPrgkK2bUo5O5aSZ7lw,Chinese,3.0,1,1,1,0,0,0,2,1
2905,WeVkkF5L39888IPPlRhNpg,hPTx2Y5e4Czbr21XcbDN8g,Chinese,5.0,0,1,1,0,0,0,1,1
3110,WeVkkF5L39888IPPlRhNpg,eO_nNplE10aaRi-fiEV0WA,Japanese,2.0,0,1,1,0,0,0,1,1
2072,WeVkkF5L39888IPPlRhNpg,3qjztON1RW5Hn6QJLDl8ug,Chinese,5.0,1,1,1,0,0,0,3,1
2108,WeVkkF5L39888IPPlRhNpg,7xzXN9yikWnb9NWcxw2OfA,Korean,4.0,0,2,0,2,0,2,,2
1776,WeVkkF5L39888IPPlRhNpg,f5O7v_X_jCg2itqacRfxhg,Japanese,4.0,1,1,1,0,0,0,2,0
2820,WeVkkF5L39888IPPlRhNpg,KvfaPsLlpOZAF276Lpvm4w,Chinese,4.0,0,1,1,0,0,0,1,1
236,WeVkkF5L39888IPPlRhNpg,QHZw2L6LV1qmExNJbfhIsQ,Chinese,4.0,1,1,1,1,0,0,2,1
1430,WeVkkF5L39888IPPlRhNpg,RbuSogYZ06XHlUWDVaYyBg,Chinese,3.0,0,1,1,0,0,0,1,1
954,WeVkkF5L39888IPPlRhNpg,Q8EwiqPZiheEQH0S66THEg,Japanese,4.0,1,1,1,0,0,0,2,0
1128,WeVkkF5L39888IPPlRhNpg,wfCNNMkeJcpWr9jj1hcdAA,Japanese,4.0,1,1,1,0,0,0,2,1
1186,WeVkkF5L39888IPPlRhNpg,Z4MvEVylnZPW_vddQc2Ihg,Chinese,4.0,1,1,1,0,0,0,2,0
2756,WeVkkF5L39888IPPlRhNpg,1lReBAd4iLe0rBLKiurw7Q,Chinese,3.0,1,1,1,0,0,0,2,1
1498,WeVkkF5L39888IPPlRhNpg,0mM_smCpKeKaL0MPMKOLFg,Thai,4.0,1,1,1,1,0,0,2,1
1555,WeVkkF5L39888IPPlRhNpg,xC8bjrXzAvKfpdXVXTXHFA,Japanese,4.0,2,0,0,2,2,0,,2
1343,WeVkkF5L39888IPPlRhNpg,FiOPUj3j7Mca6QnDq0wMxw,Japanese,5.0,1,1,1,0,0,0,2,1
1239,WeVkkF5L39888IPPlRhNpg,Oj4PqiXtPTd4kZdI5aG1uw,Chinese,4.0,0,1,1,0,0,0,2,1
2883,WeVkkF5L39888IPPlRhNpg,Rd2dzpMw_iHh8zeMuL2TWQ,Chinese,4.0,0,1,1,1,1,0,2,1
2640,WeVkkF5L39888IPPlRhNpg,K4IQqHNtW_dYG6NmR_1FSQ,Vietnamese,4.0,1,1,1,0,0,0,2,1
284,WeVkkF5L39888IPPlRhNpg,CsS9WsonGYyE3vINi5bxSg,Korean,4.0,1,1,0,0,0,0,2,1
992,WeVkkF5L39888IPPlRhNpg,SxjNgkzAlUG-wt2rSbc2HQ,Chinese,2.5,1,1,1,0,0,0,2,1
1250,WeVkkF5L39888IPPlRhNpg,afuGFlekksBXZQnEvTMv3A,Japanese,4.0,1,1,1,0,0,0,2,1
3143,WeVkkF5L39888IPPlRhNpg,6r0r0cJSLvh2BDir8TaxPw,Japanese,5.0,1,1,1,1,0,0,2,1
29,WeVkkF5L39888IPPlRhNpg,c78Pat78fVUBFPXYeVvbaQ,Korean,2.0,1,1,0,0,0,0,2,0
992,WeVkkF5L39888IPPlRhNpg,SxjNgkzAlUG-wt2rSbc2HQ,Chinese,2.5,1,1,1,0,0,0,2,1
1440,WeVkkF5L39888IPPlRhNpg,fUOY7g6JcO0m3iZNfK0O0g,Japanese,2.0,1,1,1,0,1,0,2,1
206,WeVkkF5L39888IPPlRhNpg,nNKGSpRiHm79HlA2mMdrAg,Chinese,4.0,2,1,1,0,0,0,2,1
2658,WeVkkF5L39888IPPlRhNpg,0LXUiygAFnckcnIBjF9-mQ,Thai,4.0,0,1,1,0,0,0,2,1
2685,WeVkkF5L39888IPPlRhNpg,aLcFhMe6DDJ430zelCpd2A,Thai,4.0,1,1,0,1,0,0,2,1
2691,WeVkkF5L39888IPPlRhNpg,0v8icS8wOOgEDiHDCOQkZQ,Chinese,5.0,0,1,1,0,0,0,2,1
1089,WeVkkF5L39888IPPlRhNpg,MLVBJjbgk3sLZYyxqBD4XA,Chinese,4.0,1,1,1,1,0,0,1,1
1313,WeVkkF5L39888IPPlRhNpg,qIfw1ZXlbg8rvgvn7XUEhw,Japanese,4.0,1,1,1,1,0,0,2,1
1068,WeVkkF5L39888IPPlRhNpg,-8jeDY-TJ_e6w7h0c--A-w,Korean,5.0,1,1,1,1,0,0,2,0
1487,WeVkkF5L39888IPPlRhNpg,tEfmHuo_dNanyTaC5PyoOQ,Japanese,4.0,1,1,0,0,1,0,3,0
2801,WeVkkF5L39888IPPlRhNpg,i94oLnWAHHbKw9zrOT4Oqg,Vietnamese,5.0,1,1,1,1,0,0,2,1
3155,WeVkkF5L39888IPPlRhNpg,XlZ2Row0pszDilc5WmXiZQ,Japanese,4.0,0,1,1,0,0,0,1,1
3017,WeVkkF5L39888IPPlRhNpg,SnsZFsVf1tQvBCPmhe8gGw,Korean,4.0,1,1,1,1,0,0,2,1
2286,WeVkkF5L39888IPPlRhNpg,UkWme3kwg6L9rd4tCNB15w,Japanese,4.0,0,1,1,0,0,0,2,1
1184,WeVkkF5L39888IPPlRhNpg,iT053N_wdX7Ryr5lLCtLfg,Thai,3.0,1,1,1,0,0,0,2,1
2739,WeVkkF5L39888IPPlRhNpg,UpXigk3SzQR9v4xct_xEVQ,Chinese,3.0,1,1,1,0,0,0,2,1
255,WeVkkF5L39888IPPlRhNpg,fh-hCT2esNJEocdBdggWoQ,Chinese,5.0,1,1,1,0,0,0,3,1
146,WeVkkF5L39888IPPlRhNpg,23Dg53bT4WIJDK26WPR7vQ,Japanese,4.0,1,1,0,1,1,0,2,1
2912,WeVkkF5L39888IPPlRhNpg,a_assgoJEpKu2-kyAWFc8Q,Japanese,3.0,1,1,1,0,0,0,2,1
1878,WeVkkF5L39888IPPlRhNpg,9ad0-8h-DRUheY9dF9rYjQ,Chinese,4.0,1,1,1,1,0,0,1,1
1824,WeVkkF5L39888IPPlRhNpg,POx6Os-tAeknhCLigS9NuQ,Japanese,4.0,1,1,1,1,0,0,2,1
2649,WeVkkF5L39888IPPlRhNpg,ae95XSsD37OQfOWF92GjNQ,Chinese,4.0,1,1,1,1,0,0,2,0
1583,WeVkkF5L39888IPPlRhNpg,5fg-RNWNbqyGn8b8wqe4QQ,Chinese,4.0,1,1,1,1,0,0,2,1
1079,WeVkkF5L39888IPPlRhNpg,yHCoJZh5nx0Onr5xgMaUHg,Korean,4.0,0,1,1,1,0,0,2,1
885,WeVkkF5L39888IPPlRhNpg,FkJjpKjxTU0xuF4PIKyJVw,Vietnamese,4.0,1,1,1,1,0,0,2,1
2783,WeVkkF5L39888IPPlRhNpg,Qayz6avNEPNS6Q5UThYHCQ,Japanese,3.0,1,0,1,1,0,0,2,1
2790,Ww9IvgIEWvLhx5BtJkDtmA,DE89UdHFMCN6DtYWZuer5A,Japanese,4.0,1,1,1,0,0,0,2,0
1773,Wx7cbLDqYEL3_aVZwh82Ww,QTSCFDPcuROE8UCvGS8Fiw,Japanese,4.0,1,1,1,0,1,0,2,1
3067,Wx7cbLDqYEL3_aVZwh82Ww,4RggTW3skfGuUt0MOY_zHw,Vietnamese,5.0,1,1,1,0,0,0,1,1
2513,Wx7cbLDqYEL3_aVZwh82Ww,fI1ZE6z4cyajLW4eqeFgXQ,Thai,2.0,1,1,1,1,1,0,2,1
2437,Wx7cbLDqYEL3_aVZwh82Ww,qcqDjeirxvdgW5kQVkEwSA,Chinese,3.0,1,1,0,0,1,0,1,1
2400,Xvv0P_0B57LoyGrVHGG_8A,trKyIRyjKqVSZmcU0AnICQ,Chinese,4.0,1,1,1,0,0,0,2,1
1532,Xwnf20FKuikiHcSpcEbpKQ,aMT1FXZvm2_bmJT6QoLV8A,Chinese,4.0,2,1,1,1,0,0,2,1
102,Xwnf20FKuikiHcSpcEbpKQ,nkFOHrBNM5x9hoT7KUNdwg,Thai,3.0,1,1,1,0,1,0,2,1
2790,Xwnf20FKuikiHcSpcEbpKQ,DE89UdHFMCN6DtYWZuer5A,Japanese,4.0,1,1,1,0,0,0,2,0
1967,Xwnf20FKuikiHcSpcEbpKQ,ttuEwktrkmh3TUlSFPZqAA,Vietnamese,4.0,0,0,1,0,0,0,1,1
633,Xwnf20FKuikiHcSpcEbpKQ,sQFpfRs1Flcw3evCdI2wpA,Chinese,2.0,1,0,1,1,0,0,2,1
2400,Xwnf20FKuikiHcSpcEbpKQ,trKyIRyjKqVSZmcU0AnICQ,Chinese,4.0,1,1,1,0,0,0,2,1
1697,Xwnf20FKuikiHcSpcEbpKQ,DPA9MQKkCqT0qnevsG740A,Thai,3.0,1,1,0,0,0,0,2,1
1776,Xwnf20FKuikiHcSpcEbpKQ,f5O7v_X_jCg2itqacRfxhg,Japanese,3.0,1,1,1,0,0,0,2,0
2908,Yfd33F6wAas_X7X57yCNKQ,QjhrYO6LD5mrU0WI7jxZ-g,Japanese,3.0,2,1,2,2,0,2,1,1
2482,Z09rco1enQXNCd9H0u7kvg,He_4k_w_8bjWnoepahS2zw,Chinese,4.0,0,1,1,0,0,0,2,1
2331,Z09rco1enQXNCd9H0u7kvg,QGTqGNLZbBA1QD8L_fO9ZA,Japanese,3.0,1,1,1,0,0,0,3,0
2455,Z09rco1enQXNCd9H0u7kvg,8xPmlVJy2o6x0J04CBpEMQ,Chinese,5.0,0,1,1,0,0,0,1,1
2286,Z09rco1enQXNCd9H0u7kvg,UkWme3kwg6L9rd4tCNB15w,Japanese,3.0,0,1,1,0,0,0,2,1
2606,Z09rco1enQXNCd9H0u7kvg,NbaP_lZTns_GbTSkQz_KIw,Chinese,3.0,1,1,1,1,0,0,2,1
2908,Z09rco1enQXNCd9H0u7kvg,QjhrYO6LD5mrU0WI7jxZ-g,Japanese,5.0,2,1,2,2,0,2,1,1
451,Z09rco1enQXNCd9H0u7kvg,Cs8BaiKkyNU6mzxq9nTsmg,Chinese,5.0,1,1,1,0,0,0,2,1
2483,Z09rco1enQXNCd9H0u7kvg,d4P7boUqiA2pR59jOlzYLA,Japanese,3.0,1,1,1,1,1,0,2,1
2215,Z09rco1enQXNCd9H0u7kvg,5wbJ-4W2VxH11XHmJ_4h5g,Thai,4.0,1,0,1,1,0,0,2,1
56,Z09rco1enQXNCd9H0u7kvg,ZCYCNWA98718SZ0A4bHD7A,Korean,3.0,2,1,2,2,2,2,2,1
137,Z09rco1enQXNCd9H0u7kvg,2ZZp5V8N0nHlsml01XBJUQ,Chinese,4.0,2,0,1,1,0,0,2,1
182,Z09rco1enQXNCd9H0u7kvg,4cJrGawCkZlzPoSBiQXjvA,Japanese,4.0,1,1,1,0,0,0,2,1
2783,Z09rco1enQXNCd9H0u7kvg,Qayz6avNEPNS6Q5UThYHCQ,Japanese,3.0,1,0,1,1,0,0,2,1
2382,Z09rco1enQXNCd9H0u7kvg,HgL6gGEGoAUBKGrT6BXU4Q,Chinese,3.0,1,1,1,0,0,0,2,1
2544,Z09rco1enQXNCd9H0u7kvg,IOn53O75uac_cTjHkQkkJQ,Chinese,4.0,2,1,1,0,0,0,2,1
406,Z09rco1enQXNCd9H0u7kvg,uChTCA6MsLAciDRklpO-Fw,Korean,4.0,1,1,1,0,0,0,2,1
618,Z09rco1enQXNCd9H0u7kvg,Kw06PxDkF8gNMVWntmBKTw,Chinese,4.0,0,1,1,0,0,0,1,1
518,Z09rco1enQXNCd9H0u7kvg,yhDAzBBjFujZbHwBPfE2eQ,Korean,4.0,1,1,1,1,1,0,3,1
2324,Z09rco1enQXNCd9H0u7kvg,yg_A_TpYkJjr1fef0J6QkQ,Japanese,2.5,0,1,0,0,0,0,2,0
2492,Z09rco1enQXNCd9H0u7kvg,O1TvPrgkK2bUo5O5aSZ7lw,Chinese,3.0,1,1,1,0,0,0,2,1
385,Z09rco1enQXNCd9H0u7kvg,oOGLDf2rzeCPS7UQ8hhPlQ,Japanese,4.0,0,1,1,0,1,0,2,1
2489,Z09rco1enQXNCd9H0u7kvg,anGYRueZJKYCJefKFccfjA,Chinese,3.0,1,1,1,0,0,0,2,1
2360,Z09rco1enQXNCd9H0u7kvg,scVd-lmZCNZHK5W75-4sKQ,Vietnamese,5.0,0,1,1,0,0,0,1,1
2587,Z09rco1enQXNCd9H0u7kvg,WwrKHFXpBqLQAkhmU01Xvw,Korean,5.0,1,1,1,0,0,0,2,1
3137,Z09rco1enQXNCd9H0u7kvg,6f2imTsIysASgHh2t91OOQ,Japanese,5.0,1,1,1,1,0,0,2,1
2731,Z09rco1enQXNCd9H0u7kvg,zHNk2BnANwkvHvaXD7yYsg,Korean,3.0,1,1,1,1,1,0,2,1
2244,Z09rco1enQXNCd9H0u7kvg,G4pt2q9Tr5SkwCw3Wb43VA,Korean,4.0,0,0,1,1,0,0,2,1
2324,Z09rco1enQXNCd9H0u7kvg,yg_A_TpYkJjr1fef0J6QkQ,Japanese,2.5,0,1,0,0,0,0,2,0
2821,Z09rco1enQXNCd9H0u7kvg,_xAJZOKBMPOe47p1MphB2w,Chinese,4.0,1,1,1,0,0,0,3,1
2436,Z09rco1enQXNCd9H0u7kvg,JpyHiBZtQel1b0OuvRz_pw,Japanese,5.0,2,1,2,2,0,2,1,1
2766,Z09rco1enQXNCd9H0u7kvg,BUcTdN-rNE8urCCQuxSOQA,Chinese,3.0,1,1,1,0,0,0,2,1
1740,Z09rco1enQXNCd9H0u7kvg,U5DRVX1usSJzGFCM2-ZdKw,Japanese,4.0,0,1,1,0,0,0,2,1
834,Z09rco1enQXNCd9H0u7kvg,wvCDmaEIFTCruexTLn3jXA,Chinese,4.0,2,0,1,0,0,0,1,1
1618,Z09rco1enQXNCd9H0u7kvg,2UFl9gLOQrSGY2sPu6U-kA,Chinese,4.0,1,1,1,0,0,0,2,0
1672,Z09rco1enQXNCd9H0u7kvg,8I2XBrjf4rOEWx7pnKpVeg,Thai,3.0,0,1,1,0,0,0,2,1
645,Z09rco1enQXNCd9H0u7kvg,NdpvGGF4cLrdnA6ydSZz3g,Chinese,1.0,0,1,1,0,0,0,3,0
858,Z09rco1enQXNCd9H0u7kvg,qtNtrKfNhU-021GaNoz-_A,Thai,4.0,0,1,1,1,0,0,2,1
1666,Z09rco1enQXNCd9H0u7kvg,BHX0ghpo_r4lVxGRPEBIQw,Chinese,4.0,1,1,1,1,0,0,2,1
1633,Z09rco1enQXNCd9H0u7kvg,x3JHj5h33ouzw_Ynj-utJg,Chinese,4.0,0,1,1,0,0,0,2,1
1989,Z09rco1enQXNCd9H0u7kvg,XCUXCTHvY8QVR4xU0DF__w,Chinese,4.0,1,1,1,1,0,0,1,1
946,Z09rco1enQXNCd9H0u7kvg,Q_Iia5C2quTUVfE5_8jObw,Chinese,4.0,1,1,1,0,0,0,2,1
2871,Z09rco1enQXNCd9H0u7kvg,ikI3t6meCr4_DpHHZs6N2w,Chinese,4.0,1,1,1,0,0,0,2,1
1928,Z09rco1enQXNCd9H0u7kvg,uP2-0N59oW5lggIyvdfWkQ,Chinese,4.0,1,1,1,1,0,0,2,1
1788,Z09rco1enQXNCd9H0u7kvg,6ZsiLiSWGK2pgw6t3LfzNQ,Chinese,4.0,1,1,1,1,0,0,2,1
1320,Z09rco1enQXNCd9H0u7kvg,pAQwza9U8OLY65Q73pAnxQ,Chinese,4.0,0,1,1,0,0,0,2,1
2094,Z09rco1enQXNCd9H0u7kvg,eBqGqgZpWuM2dyPRpHbWdg,Japanese,3.0,1,1,1,1,1,0,2,1
1918,Z09rco1enQXNCd9H0u7kvg,WuQZ5iesON7NWTDWgwWlbQ,Chinese,4.0,1,0,1,0,0,0,2,1
1763,Z09rco1enQXNCd9H0u7kvg,U1S6NFCtMzq-qX7PnU2i_Q,Chinese,4.0,1,0,1,1,0,0,2,1
819,Z09rco1enQXNCd9H0u7kvg,YfeTH4jtz_gpWz0QRYJFnQ,Chinese,4.0,0,1,1,0,0,0,2,1
654,Z09rco1enQXNCd9H0u7kvg,0PM5oFKO29sZmL5efmHxug,Chinese,5.0,0,1,1,0,0,0,1,1
1907,Z09rco1enQXNCd9H0u7kvg,9-lGjghZUEPmKyviTyYLUA,Chinese,4.0,0,1,1,0,0,0,1,1
922,Z09rco1enQXNCd9H0u7kvg,IDPbmH1OIhEbb9OIQyDJgw,Chinese,3.0,0,1,1,0,0,0,2,1
3155,Z09rco1enQXNCd9H0u7kvg,XlZ2Row0pszDilc5WmXiZQ,Japanese,5.0,0,1,1,0,0,0,1,1
1535,Z09rco1enQXNCd9H0u7kvg,ZDPlCSHN2hdJSFVXFkaL7w,Japanese,3.0,2,1,2,2,2,2,2,1
1112,Z09rco1enQXNCd9H0u7kvg,98NaJ8FWzPuoymHfj6IIeA,Chinese,3.0,0,1,1,0,0,0,1,1
771,Z09rco1enQXNCd9H0u7kvg,spDZkD6cp0JUUm6ghIWHzA,Chinese,3.0,0,1,1,1,0,0,2,1
1162,Z09rco1enQXNCd9H0u7kvg,KrwGJBrSE3kN721yx-MzfQ,Japanese,3.0,1,1,0,0,0,0,2,1
446,Z09rco1enQXNCd9H0u7kvg,6OhahrmtLGmkUdPfaMck0A,Chinese,5.0,0,1,1,0,0,0,2,1
1086,Z09rco1enQXNCd9H0u7kvg,MSA9WlcVCjlektkeDX5keA,Japanese,4.0,0,1,1,0,0,0,2,1
540,Z09rco1enQXNCd9H0u7kvg,g1UVmCOhQDY7TGSZ2rRT_w,Chinese,5.0,1,1,1,0,0,0,2,1
1636,Z09rco1enQXNCd9H0u7kvg,N93EYZy9R0sdlEvubu94ig,Vietnamese,4.0,0,1,1,0,0,0,1,1
1867,Z09rco1enQXNCd9H0u7kvg,4eAKvnILoB8n4wUWd3uy3Q,Chinese,4.0,1,1,1,0,0,0,2,1
1128,Z09rco1enQXNCd9H0u7kvg,wfCNNMkeJcpWr9jj1hcdAA,Japanese,3.0,1,1,1,0,0,0,2,1
1083,Z09rco1enQXNCd9H0u7kvg,_GwVhLhVF_NkEjdcY0TZ8w,Chinese,4.0,1,0,1,1,0,2,2,1
1403,Z09rco1enQXNCd9H0u7kvg,5GCaHoHo547U7wkcoJDrmg,Japanese,4.0,1,1,1,0,0,0,2,1
2868,Z09rco1enQXNCd9H0u7kvg,3CpkZgNot1KVmKBB-bzojg,Thai,4.0,0,1,1,1,1,0,2,1
1371,Z09rco1enQXNCd9H0u7kvg,8lPxiYChdJdTV24NJvOB3Q,Chinese,5.0,0,1,1,0,0,0,1,1
1734,Z09rco1enQXNCd9H0u7kvg,ywczsfJ5mTSIAL2PnIAKog,Chinese,4.0,1,1,1,0,0,0,4,1
1759,Z09rco1enQXNCd9H0u7kvg,dKOrxsz6ygqa-AatwzpKyQ,Chinese,4.0,1,1,1,0,0,0,2,1
1481,Z09rco1enQXNCd9H0u7kvg,hPXR-Bi8U-uz6TUViqmGpg,Japanese,5.0,0,1,1,0,0,0,2,1
32,ZWD8UH1T7QXQr0Eq-mcWYg,y05fRF4JOUE3i58vpGN2vA,Japanese,4.0,1,1,1,0,0,0,2,1
1033,ZWD8UH1T7QXQr0Eq-mcWYg,uT7iCFfZV018S-Q1ox5O7w,Korean,5.0,1,1,1,1,0,0,2,1
2390,ZWD8UH1T7QXQr0Eq-mcWYg,HESQNQe96hb6heem0ji0xQ,Japanese,4.0,1,1,1,1,0,0,2,1
460,ZWD8UH1T7QXQr0Eq-mcWYg,r0qqCtctSUO7QvvSoRYqXg,Korean,4.0,1,1,1,0,0,0,2,0
2545,ZcFB7xOpJufgX9hHPFh9mQ,QF4tRJ-ot7dYwebAsn0seg,Thai,5.0,1,1,1,0,0,0,2,1
1503,ZcFB7xOpJufgX9hHPFh9mQ,KOAYl73BQ-2tQe0Q-SA9jQ,Japanese,2.0,1,1,0,0,0,0,3,1
670,ZpUI9ze0YlA6nMSHwx3ZYQ,A5lD3y2eREchEdMcvWPXBA,Chinese,3.0,0,0,1,1,0,0,1,1
506,ZpUI9ze0YlA6nMSHwx3ZYQ,Ly48L1qSRdLpCSWcs_DWIw,Chinese,5.0,0,1,1,1,0,0,2,1
810,ZpUI9ze0YlA6nMSHwx3ZYQ,fzHBvd0HZm1yB3UIMqZ3bA,Chinese,4.0,0,1,1,0,0,0,2,1
2092,ZpUI9ze0YlA6nMSHwx3ZYQ,r_BrIgzYcwo1NAuG9dLbpg,Thai,2.0,1,1,1,0,0,0,2,1
713,ZpUI9ze0YlA6nMSHwx3ZYQ,ax4ztJvW28xgGvI0OPqGcQ,Chinese,3.0,0,0,1,0,0,0,1,1
1853,ZpUI9ze0YlA6nMSHwx3ZYQ,fvnaLCkyIyCw7vQuO8-H3g,Chinese,4.0,1,1,1,1,0,0,2,1
1247,ZpUI9ze0YlA6nMSHwx3ZYQ,_xt4ZyvtgY8Xu_O6SpSB5A,Chinese,3.0,0,1,1,0,0,0,2,1
451,ZpUI9ze0YlA6nMSHwx3ZYQ,Cs8BaiKkyNU6mzxq9nTsmg,Chinese,4.0,1,1,1,0,0,0,2,1
1803,bXwZ86LHDjW2iEAQcPPDtQ,R__NLOqjUlw8qf12KD-I5A,Chinese,3.0,0,1,1,0,0,0,1,1
587,d7D4dYzF6THtOx9imf-wPw,o5t33JVLpZWf269AEPB95Q,Chinese,4.0,0,1,1,1,0,0,2,1
2912,d7D4dYzF6THtOx9imf-wPw,a_assgoJEpKu2-kyAWFc8Q,Japanese,4.0,1,1,1,0,0,0,2,1
1636,d7D4dYzF6THtOx9imf-wPw,N93EYZy9R0sdlEvubu94ig,Vietnamese,5.0,0,1,1,0,0,0,1,1
920,dfgPj43FVRnKIfxjLclqTQ,SW0NcZwZsbSpsk0ZPgJKmQ,Thai,2.0,1,1,0,0,0,0,2,1
2498,dfgPj43FVRnKIfxjLclqTQ,_Ss4d4dYzehTmWJGpkqL7w,Chinese,4.0,1,1,1,0,0,0,2,1
301,dfgPj43FVRnKIfxjLclqTQ,gtcsOodbmk4E0TulYHnlHA,Chinese,5.0,1,1,0,0,1,0,2,0
2925,dsX3MiQiTy3OVI8MKn0I4w,Rh2smrKvcamnP8VBUgMI0Q,Chinese,5.0,1,1,1,1,0,0,2,1
1975,dsX3MiQiTy3OVI8MKn0I4w,XGc_QdKg9oP8bZ3VM1e5IA,Chinese,4.0,1,1,1,1,0,0,2,1
3148,dsX3MiQiTy3OVI8MKn0I4w,R1YBPobZ-EtNeY8-goCMaQ,Korean,4.0,1,1,1,1,0,0,1,1
2982,eEgeuz6Gg12HZkFZTfbb8A,G1Ce_QBHwT_R8Fc2-ARrwQ,Japanese,4.0,2,2,0,0,0,0,3,0
1666,eEgeuz6Gg12HZkFZTfbb8A,BHX0ghpo_r4lVxGRPEBIQw,Chinese,3.0,1,1,1,1,0,0,2,1
1551,eEgeuz6Gg12HZkFZTfbb8A,PUneCUDGvdgnay3uvI89fA,Japanese,5.0,0,1,0,0,0,0,1,1
2796,eEgeuz6Gg12HZkFZTfbb8A,hDy-uY7Vy_TZdGBzw59lhA,Japanese,4.0,1,1,1,0,0,0,2,1
1508,eEgeuz6Gg12HZkFZTfbb8A,M8Pl5qAmmrODfHeX6GOjsw,Japanese,4.0,1,1,1,0,0,0,2,1
1524,eEgeuz6Gg12HZkFZTfbb8A,JgkWj-e5lHRNvj1lFrZ2dA,Korean,5.0,1,1,1,0,0,0,2,1
1201,eEgeuz6Gg12HZkFZTfbb8A,GkY6UWWn0Fz2ehcuBp66pg,Chinese,5.0,0,1,1,0,0,0,2,1
2670,eEgeuz6Gg12HZkFZTfbb8A,bGuxRBRKv7i1BKKfGbjxEw,Japanese,2.0,1,1,0,1,1,0,3,1
954,eEgeuz6Gg12HZkFZTfbb8A,Q8EwiqPZiheEQH0S66THEg,Japanese,3.0,1,1,1,0,0,0,2,0
3137,eEgeuz6Gg12HZkFZTfbb8A,6f2imTsIysASgHh2t91OOQ,Japanese,5.0,1,1,1,1,0,0,2,1
1546,eEgeuz6Gg12HZkFZTfbb8A,2SyYW8GiDZsqtPb-aCbosg,Chinese,5.0,0,0,1,0,0,0,1,1
1628,eEgeuz6Gg12HZkFZTfbb8A,JlpkA8yZb3K4wUkz1UJD1g,Vietnamese,4.0,1,1,1,0,0,0,2,1
2646,eEgeuz6Gg12HZkFZTfbb8A,Cx0wkl85Xdw9OCQkbXMjzQ,Japanese,5.0,0,1,1,0,0,0,2,1
2890,eEgeuz6Gg12HZkFZTfbb8A,-av1lZI1JDY_RZN2eTMnWg,Thai,3.0,1,1,1,0,0,0,2,1
1052,eEgeuz6Gg12HZkFZTfbb8A,aT9jGDqTCvVjGjbYC969Rg,Japanese,5.0,0,0,1,1,0,0,2,1
3135,eEgeuz6Gg12HZkFZTfbb8A,1HWH_BE_wMfX88cRoH-NCQ,Japanese,5.0,1,1,1,0,0,0,2,1
1169,eEgeuz6Gg12HZkFZTfbb8A,qwlsGR-pJb6xMWJBqiNIQw,Japanese,3.0,0,1,1,0,0,0,2,1
1741,eEgeuz6Gg12HZkFZTfbb8A,4WW0U2mKgFYJILnWLmUwLA,Korean,3.0,1,1,1,1,0,0,2,1
1142,eEgeuz6Gg12HZkFZTfbb8A,LWAhvkjQZgHukgmgXto95A,Japanese,3.0,1,0,1,0,0,0,2,1
2156,eEgeuz6Gg12HZkFZTfbb8A,qlPyuJ77Znjh30I2kTs1xQ,Japanese,2.6666666666666665,1,1,1,0,0,0,2,1
1011,eEgeuz6Gg12HZkFZTfbb8A,7qHU_Zh5qEJP3DaaBHqWBg,Thai,4.0,1,2,1,1,0,0,2,1
946,eEgeuz6Gg12HZkFZTfbb8A,Q_Iia5C2quTUVfE5_8jObw,Chinese,3.0,1,1,1,0,0,0,2,1
2092,eEgeuz6Gg12HZkFZTfbb8A,r_BrIgzYcwo1NAuG9dLbpg,Thai,3.0,1,1,1,0,0,0,2,1
3120,eEgeuz6Gg12HZkFZTfbb8A,eMTE-wqpk_YWaV3mf7Ii3A,Chinese,2.0,1,1,1,0,1,0,2,1
2499,eEgeuz6Gg12HZkFZTfbb8A,MC4becrrM9ntmnfMrD9b0g,Japanese,4.0,1,0,1,0,0,0,2,1
2499,eEgeuz6Gg12HZkFZTfbb8A,MC4becrrM9ntmnfMrD9b0g,Japanese,4.0,1,0,1,0,0,0,2,1
2483,eEgeuz6Gg12HZkFZTfbb8A,d4P7boUqiA2pR59jOlzYLA,Japanese,4.0,1,1,1,1,1,0,2,1
462,eEgeuz6Gg12HZkFZTfbb8A,zA6gnF5aPBGoOm6uIbKt-A,Japanese,2.0,1,1,0,0,0,0,3,1
540,eEgeuz6Gg12HZkFZTfbb8A,g1UVmCOhQDY7TGSZ2rRT_w,Chinese,4.0,1,1,1,0,0,0,2,1
2166,eEgeuz6Gg12HZkFZTfbb8A,nHFJtud7jWZhM9dHQ1eIRA,Korean,4.0,1,1,1,0,0,0,1,1
555,eEgeuz6Gg12HZkFZTfbb8A,CPcy22Hd2F7z0EKG66FMRA,Chinese,3.0,0,0,1,1,0,0,2,1
533,eEgeuz6Gg12HZkFZTfbb8A,ctTiEiUTY_FvnZ0ovBeZWQ,Chinese,4.0,0,0,0,0,0,0,1,1
796,eEgeuz6Gg12HZkFZTfbb8A,0yr2L_2CVaLV9SLIGWngPA,Korean,4.0,0,0,1,0,0,0,1,1
2920,eEgeuz6Gg12HZkFZTfbb8A,RwRNR4z3kY-4OsFqigY5sw,Japanese,5.0,0,1,0,0,0,0,1,1
1806,eEgeuz6Gg12HZkFZTfbb8A,zbFtY82_ummK4amkT-M04Q,Chinese,3.0,2,0,1,1,2,0,2,1
938,eEgeuz6Gg12HZkFZTfbb8A,iAe3gkuK7SXVay9T5D4OFw,Japanese,4.0,0,0,0,0,1,0,2,1
2852,eEgeuz6Gg12HZkFZTfbb8A,7tzXkDX8HmpzRRoJyLBKcA,Japanese,4.0,1,1,1,0,0,0,2,1
1669,eEgeuz6Gg12HZkFZTfbb8A,GTwQgfi8DN23D9fMURYUdw,Japanese,5.0,1,1,1,1,0,0,2,1
2156,eEgeuz6Gg12HZkFZTfbb8A,qlPyuJ77Znjh30I2kTs1xQ,Japanese,2.6666666666666665,1,1,1,0,0,0,2,1
670,eEgeuz6Gg12HZkFZTfbb8A,A5lD3y2eREchEdMcvWPXBA,Chinese,3.0,0,0,1,1,0,0,1,1
2156,eEgeuz6Gg12HZkFZTfbb8A,qlPyuJ77Znjh30I2kTs1xQ,Japanese,2.6666666666666665,1,1,1,0,0,0,2,1
2312,eEgeuz6Gg12HZkFZTfbb8A,4vLaHphDBWOy1aI7URQ75Q,Chinese,3.0,1,0,1,0,0,0,2,1
2483,eEgeuz6Gg12HZkFZTfbb8A,d4P7boUqiA2pR59jOlzYLA,Japanese,4.0,1,1,1,1,1,0,2,1
1636,gRQmSCQged4Znss2-VjzUQ,N93EYZy9R0sdlEvubu94ig,Vietnamese,4.0,0,1,1,0,0,0,1,1
2814,gRQmSCQged4Znss2-VjzUQ,TAAlaXAk9sWOUXZW1-wfYQ,Japanese,3.0,1,1,1,1,1,0,3,1
1923,gysxDtJ1wr6NBv1Gvm7KxA,Dpl8d6eXq-YnF5zEV1cwMw,Korean,3.0,0,1,1,0,0,0,2,1
448,hA2X9akTxboda17YqbF20g,KuqvrDyfbhsOnv7U-MtQTw,Japanese,2.0,1,1,1,0,0,0,3,1
2946,hcJzh-FFDEfYKGpyM0TpZA,DrCk0XKa1U5xeci8a7YFpg,Japanese,4.0,2,2,2,2,0,2,,2
401,hfu64kgzsAPCsN-AEkRB0w,Mksyt1TZQ-7vzCZjeuzfAg,Chinese,4.0,1,1,1,0,1,0,2,1
1552,hfu64kgzsAPCsN-AEkRB0w,8fKyjNnQzci7VLszrrpW7g,Japanese,3.0,2,1,1,0,0,0,3,1
2330,hfu64kgzsAPCsN-AEkRB0w,x5yBZsTnFb1ah75XRXJz9Q,Japanese,3.0,1,1,1,0,0,0,2,1
954,hfu64kgzsAPCsN-AEkRB0w,Q8EwiqPZiheEQH0S66THEg,Japanese,4.0,1,1,1,0,0,0,2,0
1419,hpw7UrWf51aaWKbaGGJ2hA,fuVrRQa9HRR6x1s0j4S3SQ,Chinese,5.0,2,0,2,2,2,2,1,2
458,iEPwz1rtLVHlBnbLo74iBg,ABRgXNwdOX_JyqChNr8IYw,Chinese,5.0,0,1,1,0,0,0,2,1
368,iLjMdZi0Tm7DQxX1C1_2dg,zgQHtqX0gqMw1nlBZl2VnQ,Chinese,5.0,1,1,0,0,0,0,2,1
2925,jOU73K85NeMzBsqwJtfu0A,Rh2smrKvcamnP8VBUgMI0Q,Chinese,2.0,1,1,1,1,0,0,2,1
2492,jVYzrVblDFSuL3GHtt8ZSA,O1TvPrgkK2bUo5O5aSZ7lw,Chinese,4.0,1,1,1,0,0,0,2,1
55,jVYzrVblDFSuL3GHtt8ZSA,5H4coiGpvG3XdnU1Nde2xQ,Chinese,4.0,0,1,1,0,0,0,2,1
2945,jt49xjEjQisu6wTTGn6B3A,RtUvSWO_UZ8V3Wpj0n077w,Japanese,4.0,1,1,0,0,1,0,2,1
273,kTpsjDUhl9BlRl0FVuNreA,OXW2erFOPT-Oov6wChxWYA,Chinese,4.0,1,1,1,0,0,0,2,1
2821,kcLuh-ck_Zj07TsodaaNUA,_xAJZOKBMPOe47p1MphB2w,Chinese,4.0,1,1,1,0,0,0,3,1
1846,kcLuh-ck_Zj07TsodaaNUA,eI1ZHGOr2Pus842KrZD5ZQ,Chinese,4.0,1,1,1,0,0,0,2,1
2283,kcLuh-ck_Zj07TsodaaNUA,68PJJkcq_i0SlLqO6t7Qxw,Chinese,4.0,1,1,1,0,0,0,2,1
2078,lcuDvwFjgg9cHoiZhOJv4Q,4twpbw7n4DmsLxAm6-sMkg,Korean,5.0,1,1,1,0,0,0,1,1
2685,lpasWkbfx3flOFBbsTnIxw,aLcFhMe6DDJ430zelCpd2A,Thai,2.0,1,1,0,1,0,0,2,1
3033,mFwRTTDW0Yr-rFkTF2cFsw,rdn0vLw8Ln5_PBwRcE6BZw,Korean,3.0,1,1,0,1,0,0,2,1
3099,mFwRTTDW0Yr-rFkTF2cFsw,bsFZnc2mYyGy5cFf5EWTWg,Japanese,3.0,1,1,1,0,0,0,2,1
3090,mFwRTTDW0Yr-rFkTF2cFsw,MVBCWXTDtU8C1Qh5mMNSKA,Chinese,2.0,1,0,1,0,0,0,2,1
3105,mFwRTTDW0Yr-rFkTF2cFsw,1FL3oE2mqq_EFAYPd1TWUg,Chinese,3.0,1,0,1,0,0,0,1,1
2920,mFwRTTDW0Yr-rFkTF2cFsw,RwRNR4z3kY-4OsFqigY5sw,Japanese,3.0,0,1,0,0,0,0,1,1
2938,mFwRTTDW0Yr-rFkTF2cFsw,xwPKDhVW_eHqvrbL8C34KQ,Thai,3.0,1,1,1,1,0,0,2,1
2945,mFwRTTDW0Yr-rFkTF2cFsw,RtUvSWO_UZ8V3Wpj0n077w,Japanese,4.5,1,1,0,0,1,0,2,1
2945,mFwRTTDW0Yr-rFkTF2cFsw,RtUvSWO_UZ8V3Wpj0n077w,Japanese,4.5,1,1,0,0,1,0,2,1
295,mFwRTTDW0Yr-rFkTF2cFsw,VGZ_MJ7P3vSQMYyQf-mNjw,Chinese,4.0,1,1,1,1,0,0,2,1
2649,mFwRTTDW0Yr-rFkTF2cFsw,ae95XSsD37OQfOWF92GjNQ,Chinese,4.0,1,1,1,1,0,0,2,0
1452,mFwRTTDW0Yr-rFkTF2cFsw,6z-T_jIFrRQ4c6-BIvVBvA,Chinese,3.0,0,1,1,1,0,0,2,1
2728,mFwRTTDW0Yr-rFkTF2cFsw,RvYjKtzdIPA2VBUpJJbzCw,Japanese,3.0,1,1,1,0,1,0,2,1
1072,mFwRTTDW0Yr-rFkTF2cFsw,xYeLEIWbG0IBnMGU2mWUBg,Korean,2.0,1,1,1,0,0,0,2,0
1245,mFwRTTDW0Yr-rFkTF2cFsw,1jNteKQ2JuF6Sk1SI9X23Q,Chinese,2.0,1,1,1,1,1,0,2,1
1138,mFwRTTDW0Yr-rFkTF2cFsw,VaLnPWq6cLnK5x2wXBVOKQ,Chinese,3.0,0,2,1,0,0,0,2,1
1111,mFwRTTDW0Yr-rFkTF2cFsw,7owvf-6q5pmVQXTxLI6Wqg,Japanese,3.0,1,1,1,0,0,0,2,1
971,mFwRTTDW0Yr-rFkTF2cFsw,CN5nuUQod0f8g3oh99qq0w,Japanese,3.0,1,1,0,0,0,0,2,1
1236,mFwRTTDW0Yr-rFkTF2cFsw,Yv4P4qUwd7F-qQ4Y4eD1JQ,Korean,3.0,1,1,0,0,0,0,2,1
1274,mFwRTTDW0Yr-rFkTF2cFsw,n72smZw1iVORdnjGfFT0FQ,Chinese,3.0,0,1,1,1,0,0,2,1
1119,mFwRTTDW0Yr-rFkTF2cFsw,d84_mtSFHt8xgYTly2T-9A,Japanese,4.0,1,1,1,0,0,0,2,1
1260,mFwRTTDW0Yr-rFkTF2cFsw,v0a2G9zBDM3hVprzSy39Kw,Korean,5.0,1,1,1,1,0,0,2,1
891,mFwRTTDW0Yr-rFkTF2cFsw,zrJDRWzP0P4wTFq8-N_mzA,Chinese,5.0,1,1,1,1,0,0,2,1
1425,mFwRTTDW0Yr-rFkTF2cFsw,mwMBxsT57eAOtDV4I3DDEQ,Vietnamese,4.0,1,1,1,0,0,0,1,1
534,mFwRTTDW0Yr-rFkTF2cFsw,GoOkCxPFM5i5lxHgFQMj1w,Chinese,4.0,1,1,1,0,0,0,2,1
481,mFwRTTDW0Yr-rFkTF2cFsw,42-UJ-c_97IeqUc6BWjmnA,Thai,3.0,1,0,1,1,0,0,2,1
342,mFwRTTDW0Yr-rFkTF2cFsw,UC2dfjZg8mrRh10maovQfw,Chinese,4.0,1,1,1,1,0,0,2,1
505,mFwRTTDW0Yr-rFkTF2cFsw,8MXjK1lhVRhU3yGCUv9qsA,Chinese,2.0,0,1,1,0,0,0,1,1
374,mFwRTTDW0Yr-rFkTF2cFsw,znu3EN7tDFIXmiTwKvX1Ow,Japanese,4.0,1,1,1,1,0,0,2,1
612,mFwRTTDW0Yr-rFkTF2cFsw,--6MefnULPED_I942VcFNA,Chinese,4.0,1,1,1,0,0,0,2,1
97,mFwRTTDW0Yr-rFkTF2cFsw,L4wjHHeoJ33KK59i3xpOqw,Japanese,3.0,1,1,1,0,1,0,2,1
237,mFwRTTDW0Yr-rFkTF2cFsw,XxDjuiNzGxBiTasXOEx13g,Japanese,4.0,1,1,1,1,0,0,2,1
120,mFwRTTDW0Yr-rFkTF2cFsw,dDYbnQHBi0dqZH2kmiNaSA,Vietnamese,5.0,1,1,1,1,0,0,1,1
190,mFwRTTDW0Yr-rFkTF2cFsw,e-YnECeZNt8ngm0tu4X9mQ,Korean,3.0,1,1,1,0,0,0,2,0
252,mFwRTTDW0Yr-rFkTF2cFsw,EzKt75MRTaLnYGKmf5QxHw,Korean,1.0,2,2,1,0,0,0,2,0
26,mFwRTTDW0Yr-rFkTF2cFsw,9_CGhHMz8698M9-PkVf0CQ,Thai,3.0,1,1,1,0,0,0,2,1
286,mFwRTTDW0Yr-rFkTF2cFsw,VVW8mxu8Ru2UR3lVJYA81Q,Chinese,3.0,0,1,1,0,0,0,2,1
391,mFwRTTDW0Yr-rFkTF2cFsw,3vs6rARRBm-O99y4bryilw,Japanese,3.0,1,2,0,0,0,0,2,1
1382,mFwRTTDW0Yr-rFkTF2cFsw,Cp3YRVZojrCGeQS41Hf1pw,Vietnamese,4.0,1,1,1,0,0,0,1,1
957,mFwRTTDW0Yr-rFkTF2cFsw,ZDDzKXN_JXe7694zePRuTQ,Chinese,3.0,0,1,1,0,0,0,1,1
1832,mFwRTTDW0Yr-rFkTF2cFsw,FfmH-oEWN7K1za-o8KZQDA,Chinese,4.0,0,0,1,0,0,0,1,1
1466,mFwRTTDW0Yr-rFkTF2cFsw,vsi_PMRgyFy4_vVfQErtCA,Chinese,1.0,1,1,1,1,0,0,2,1
2411,mFwRTTDW0Yr-rFkTF2cFsw,XSiqtcVEsP6dLOL7ZA9OxA,Japanese,3.0,1,1,1,0,0,0,2,1
2170,mFwRTTDW0Yr-rFkTF2cFsw,fJvY-QjDY1ZWWArjx9rRIw,Japanese,4.0,1,1,0,0,0,0,2,1
1967,mFwRTTDW0Yr-rFkTF2cFsw,ttuEwktrkmh3TUlSFPZqAA,Vietnamese,5.0,0,0,1,0,0,0,1,1
1921,mFwRTTDW0Yr-rFkTF2cFsw,Qqu_MRaus17-4VVmzXq1_g,Chinese,4.0,1,1,1,1,0,0,3,1
2015,mFwRTTDW0Yr-rFkTF2cFsw,TI2G5IvWqNWIEEMZAo4iWw,Japanese,3.0,1,1,1,0,0,0,2,1
1636,mFwRTTDW0Yr-rFkTF2cFsw,N93EYZy9R0sdlEvubu94ig,Vietnamese,5.0,0,1,1,0,0,0,1,1
2479,mFwRTTDW0Yr-rFkTF2cFsw,8zyurJRIAEHh_I0Skhcp3w,Chinese,4.0,0,1,1,0,0,0,2,1
1761,mFwRTTDW0Yr-rFkTF2cFsw,-BbnAc9YEO6pjvJGEtFbVQ,Japanese,5.0,1,1,1,0,0,0,2,1
1776,mFwRTTDW0Yr-rFkTF2cFsw,f5O7v_X_jCg2itqacRfxhg,Japanese,4.0,1,1,1,0,0,0,2,0
1872,mFwRTTDW0Yr-rFkTF2cFsw,8iKrvvY-GqNrh2UOjor-Iw,Japanese,3.0,1,1,1,1,0,0,2,1
2281,mFwRTTDW0Yr-rFkTF2cFsw,SzTbr5cAfX9j8DFhIn7sDQ,Chinese,3.0,0,1,1,1,0,0,2,0
1788,mFwRTTDW0Yr-rFkTF2cFsw,6ZsiLiSWGK2pgw6t3LfzNQ,Chinese,3.0,1,1,1,1,0,0,2,1
2340,mFwRTTDW0Yr-rFkTF2cFsw,b41zjWT4pzcTgNY04eKAvg,Chinese,3.0,0,1,1,0,0,0,2,1
2469,mFwRTTDW0Yr-rFkTF2cFsw,5C58ejb2nmJojUFPlvJj2A,Japanese,3.0,1,1,1,0,1,0,2,1
2609,mFwRTTDW0Yr-rFkTF2cFsw,yZZaCLmVbsKqQAdjaszupA,Chinese,3.0,1,1,1,0,0,0,2,1
2628,mFwRTTDW0Yr-rFkTF2cFsw,iAxsnFs3qq0Qx1EJ1S9SoQ,Japanese,4.0,1,1,0,1,1,0,2,1
1618,mFwRTTDW0Yr-rFkTF2cFsw,2UFl9gLOQrSGY2sPu6U-kA,Chinese,3.0,1,1,1,0,0,0,2,0
2491,mFwRTTDW0Yr-rFkTF2cFsw,oZyaFqZYf0eqKRiP-aY81Q,Vietnamese,4.0,0,1,1,1,0,0,2,1
2192,mgytZAasaiBf-END4aZD9w,qiRyyRWt6jmAxcoVW0-WHA,Chinese,5.0,1,1,1,1,0,0,2,1
467,mgytZAasaiBf-END4aZD9w,jd2jM22n-2DaIqlqVitUbw,Thai,2.0,1,0,1,0,0,0,2,1
2671,nr35WjC-YI0dFcsnW33Szw,OllK5_S-7svgSwbUfx1xYA,Chinese,4.0,1,1,1,0,0,0,1,1
310,nr35WjC-YI0dFcsnW33Szw,BmSLyxm8b86dtzwuT7LqBA,Chinese,5.0,0,1,1,0,0,0,1,1
1636,nr35WjC-YI0dFcsnW33Szw,N93EYZy9R0sdlEvubu94ig,Vietnamese,5.0,0,1,1,0,0,0,1,1
2492,nr35WjC-YI0dFcsnW33Szw,O1TvPrgkK2bUo5O5aSZ7lw,Chinese,3.0,1,1,1,0,0,0,2,1
368,otbbgNWpBnUlclqUmOLeiQ,zgQHtqX0gqMw1nlBZl2VnQ,Chinese,3.0,1,1,0,0,0,0,2,1
1673,qd86UqcMSxvQAl1M7E3Kzw,X5ktZZOu3lcsb_XaJ-7NtA,Thai,3.0,1,1,1,0,1,0,2,1
629,qd86UqcMSxvQAl1M7E3Kzw,pofDmHoIsdvPcSKzb2iMag,Chinese,4.0,1,1,1,1,0,0,2,1
2390,s2udNFYCPe33ZxkR0jmCsg,HESQNQe96hb6heem0ji0xQ,Japanese,2.0,1,1,1,1,0,0,2,1
683,sL_5enJqdc1hBheeyc6TUA,f-ookZOX4pBNldaOHMkJ4A,Chinese,5.0,1,1,1,1,0,0,2,1
462,slfHYwBy6Wo6AyuTNt3S1w,zA6gnF5aPBGoOm6uIbKt-A,Japanese,3.0,1,1,0,0,0,0,3,1
1846,syvwUKQJ4OYfmL_ixVLMeQ,eI1ZHGOr2Pus842KrZD5ZQ,Chinese,5.0,1,1,1,0,0,0,2,1
1564,syvwUKQJ4OYfmL_ixVLMeQ,SbwUKzeMlSZs-mQt0lOGQw,Chinese,4.0,1,1,1,0,0,0,3,1
1244,syvwUKQJ4OYfmL_ixVLMeQ,oRgoOhwCex1X9j1iQ9ou3w,Chinese,5.0,1,1,1,0,0,0,2,1
1274,syvwUKQJ4OYfmL_ixVLMeQ,n72smZw1iVORdnjGfFT0FQ,Chinese,1.0,0,1,1,1,0,0,2,1
2332,syvwUKQJ4OYfmL_ixVLMeQ,KUqInLEY1y7SkyZyDoGn0Q,Chinese,5.0,1,0,1,0,0,0,2,1
1356,vLFIN-fQG-3ynxPTmhUJbw,QDTz18m_VuDVy_SVm5qBAA,Vietnamese,1.0,2,0,1,0,1,0,2,1
2842,vNqJm3mlYnqxFrLBi_NViQ,HKfW6AZ-lW7jwLJwNlcLLQ,Japanese,4.0,1,1,1,1,1,0,2,1
549,vNqJm3mlYnqxFrLBi_NViQ,wT1mRdUeZRNgMB81s3dJDw,Japanese,4.0,1,0,0,0,1,0,3,1
29,vNqJm3mlYnqxFrLBi_NViQ,c78Pat78fVUBFPXYeVvbaQ,Korean,3.0,1,1,0,0,0,0,2,0
2949,w-w-k-QXosIKQ8HQVwU6IQ,UCxymHKMFJ9JhUHuC2HzpA,Japanese,5.0,1,1,0,0,0,0,4,0
2945,xQmm-eW-8jiMWbEZQN44tA,RtUvSWO_UZ8V3Wpj0n077w,Japanese,5.0,1,1,0,0,1,0,2,1
329,yh8_9Ix1wp9dekvyOZbilQ,NPiVx-WKsuOEl1v0eWdxYg,Chinese,2.0,2,2,1,0,0,0,3,1
